,T_BTES_5
0,14.853159575105936
1,14.834798140439649
2,14.816130445398658
3,14.795917749940546
4,14.777335143950967
5,14.761314693133155
6,14.748084681518606
7,14.732792737499434
8,14.71497461580974
9,14.697564364597362
10,14.682614319754764
11,14.66956062048354
12,14.657948354591415
13,14.643286242671387
14,14.629581373180663
15,14.616105803819563
16,14.598291671270063
17,14.58015453149508
18,14.56335586019482
19,14.544129911727385
20,14.526677322973672
21,14.509186423444977
22,14.4894718056537
23,14.471008572715638
24,14.457502294521612
25,14.444847810048564
26,14.42918547838957
27,14.41006527969515
28,14.39197281073097
29,14.372437440686133
30,14.35279383706433
31,14.333941512704522
32,14.31441001889582
33,14.295174699715814
34,14.280600085381774
35,14.266105818295099
36,14.253365830806157
37,14.239769909921568
38,14.227984681057983
39,14.214736605425571
40,14.199918540814869
41,14.184872417976518
42,14.17004769226104
43,14.157130639760654
44,14.142759057466938
45,14.129262940284026
46,14.118113790655613
47,14.106585221382712
48,14.09357449942115
49,14.079724252215346
50,14.06746258486997
51,14.056303349499814
52,14.043677842723865
53,14.032007282742434
54,14.019232371485057
55,14.005885846952735
56,13.99371472550052
57,13.981082708150009
58,13.968976504261455
59,13.956774260011834
60,14.128891093984524
61,14.300757176803181
62,14.469131372016308
63,14.638747543743925
64,14.81105721111114
65,14.98033370403186
66,15.149857636369438
67,15.320078275305232
68,15.488863803267327
69,15.657569811915286
70,15.826996574885348
71,15.996929657232632
72,16.168470211391437
73,16.341594340176613
74,16.513975209882467
75,16.68232174456984
76,16.851180582336198
77,17.022091530199702
78,17.194599826498298
79,17.368273553035053
80,17.540946081365135
81,17.711894737865713
82,17.881905796556204
83,18.05168977548675
84,18.221042664149326
85,18.39152406471153
86,18.56303560354281
87,18.73479492049033
88,18.907961951315798
89,19.078472818808947
90,19.065631672816565
91,19.05108829418399
92,19.035315282783035
93,19.020442085285723
94,19.007869001797115
95,18.99545164519533
96,18.984509968342337
97,18.97409850805597
98,18.962528391540282
99,18.94894560470461
100,18.933863504360744
101,18.91923134860552
102,18.90386477761074
103,18.88804686959513
104,18.875607535104667
105,18.864845971566023
106,18.855036457049202
107,18.846531729144907
108,18.838815984863555
109,18.83133981462273
110,18.824122260908005
111,18.81705723524698
112,18.810207096134274
113,18.800802479056962
114,18.790799227947286
115,18.780759434833136
116,18.7689136915063
117,18.758471823455963
118,18.74860593415056
119,18.739516195492403
120,18.73061454842045
121,18.72059026025511
122,18.709456427410608
123,18.696072495305902
124,18.68358100096663
125,18.67145895342989
126,18.66102408518797
127,18.650978609436752
128,18.639834239247072
129,18.629319249557376
130,18.61877577140443
131,18.608734472958304
132,18.598951903938065
133,18.58982942424646
134,18.581638445754873
135,18.57241650106097
136,18.563096634335697
137,18.555322445430562
138,18.548087693265884
139,18.541224006139778
140,18.533719008736334
141,18.526681493070853
142,18.5204359717008
143,18.51444270681676
144,18.50928023623272
145,18.503235601798412
146,18.495634074800048
147,18.487480917849588
148,18.479247827616252
149,18.474650572632385
150,18.469916520347468
151,18.465959296107695
152,18.46151042950713
153,18.454682456452268
154,18.44817000158062
155,18.441070767184602
156,18.43327700892536
157,18.425418596536723
158,18.417328400214515
159,18.40954002352765
160,18.399699988347066
161,18.39026477534089
162,18.381411750585247
163,18.373005772645556
164,18.365961972205096
165,18.35854304232503
166,18.352060769417776
167,18.346629069697357
168,18.34064506262183
169,18.335012099631605
170,18.328260296519012
171,18.32217735131399
172,18.31749143211153
173,18.313209921114733
174,18.310543220437665
175,18.307802457286083
176,18.304093876729603
177,18.299541142026328
178,18.295804223541076
179,18.29555795076049
180,18.292102003024084
181,18.28774556398272
182,18.28265719350575
183,18.27850344780235
184,18.27565520374278
185,18.273641253887412
186,18.27062493919235
187,18.266819904305624
188,18.26381717525779
189,18.26191955015274
190,18.26049061105167
191,18.258865489186768
192,18.256635410881117
193,18.253911281679674
194,18.25039651298414
195,18.246389913761636
196,18.244740556005823
197,18.24268679004392
198,18.2398774965234
199,18.236267816465993
200,18.233916220005106
201,18.23105732570142
202,18.23128064212562
203,18.233580041100883
204,18.235264096825127
205,18.239185042495123
206,18.23855833396612
207,18.23506129058865
208,18.231274808953643
209,18.228957910460753
210,18.225811911169007
211,18.222711260089373
212,18.220314842283628
213,18.218616410611908
214,18.21611401723314
215,18.213814091390613
216,18.211534826268842
217,18.20836605878731
218,18.20488071938804
219,18.202410502541195
220,18.200894931419487
221,18.197819268898463
222,18.19417285867084
223,18.188371373444244
224,18.182932523385197
225,18.178103371572234
226,18.174370404591212
227,18.169541629108043
228,18.1660007804864
229,18.1609822575463
230,18.155491736868036
231,18.149806764559216
232,18.145113695013865
233,18.141602915455966
234,18.139572331650463
235,18.138177074416276
236,18.139108011117756
237,18.14011605859666
238,18.140940906824895
239,18.13822253552904
240,18.31634159112533
241,18.495822523157443
242,18.673676037688594
243,18.850258071143887
244,19.027311349673486
245,19.206175734186864
246,19.38406405958666
247,19.559783122207467
248,19.735148468774128
249,19.910414011639116
250,20.08491390357161
251,20.259700900489182
252,20.435801941827798
253,20.614456143963505
254,20.794014073872827
255,20.970997241431284
256,21.14764197208482
257,21.326363839021557
258,21.504305754341296
259,21.679532007967858
260,21.85451812305493
261,22.031302774581796
262,22.207793810544757
263,22.386416438281756
264,22.564871936217138
265,22.742060995949664
266,22.920498655666762
267,23.098649774897748
268,23.276891176587622
269,23.453192615628133
270,23.629977229520314
271,23.807809631730695
272,23.98393001662383
273,24.160304088069854
274,24.331626519212538
275,24.504130788740518
276,24.678791902032014
277,24.853180662619117
278,25.028452866593142
279,25.203282690290163
280,25.377851225492243
281,25.55116457486581
282,25.72571436864701
283,25.9021657014028
284,26.07563443896382
285,26.249894192352563
286,26.423102205921865
287,26.596162922475358
288,26.769567118806776
289,26.941738935135866
290,27.115151787142157
291,27.28723779938213
292,27.45845839462262
293,27.630888413509055
294,27.80202820989875
295,27.97441769764479
296,28.147363933481028
297,28.32234677446561
298,28.496687891204108
299,28.665764475656786
300,28.834222141689555
301,29.004051958067773
302,29.17405767282057
303,29.34450339695048
304,29.519842927027007
305,29.69246901577577
306,29.86320240939398
307,30.0341943819036
308,30.205658088721382
309,30.374353710558644
310,30.543307572587942
311,30.711305471724597
312,30.878441190329575
313,31.047450373414645
314,31.216306840281106
315,31.38456632898166
316,31.55304153216375
317,31.720806518368914
318,31.889653765057282
319,32.0575512207282
320,32.225850036301864
321,32.39319247501413
322,32.560031567386986
323,32.72799416642114
324,32.895590141156084
325,33.065826924809016
326,33.23654248020894
327,33.40732517354222
328,33.57974999902544
329,33.752512170046074
330,33.74091661337005
331,33.72823431783677
332,33.71109585482983
333,33.69322835815997
334,33.67588370191427
335,33.65783620482985
336,33.64133461136089
337,33.62474999867571
338,33.61063612970549
339,33.60037418680461
340,33.588283901833606
341,33.576141306475066
342,33.5615565687646
343,33.548357868112355
344,33.532722557215045
345,33.518264117099406
346,33.50358826899682
347,33.48869602901394
348,33.474495678555854
349,33.460218029153324
350,33.445269865981025
351,33.43194373873604
352,33.42184802243247
353,33.40849792272871
354,33.395927323039786
355,33.38273784256563
356,33.36968470779337
357,33.35770833903641
358,33.34193480076691
359,33.32850198291589
360,33.314369033825415
361,33.301915135223425
362,33.28762713664488
363,33.27304992561137
364,33.25999419413536
365,33.24615376924129
366,33.22779233457501
367,33.20912463953401
368,33.188911944075905
369,33.17032933808632
370,33.15430888726851
371,33.14107887565396
372,33.12578693163479
373,33.1079688099451
374,33.090558558732724
375,33.07560851389012
376,33.06255481461889
377,33.05094254872677
378,33.03628043680675
379,33.022575567316025
380,33.00909999795492
381,32.99128586540542
382,32.97314872563044
383,32.95635005433018
384,32.93712410586274
385,32.91967151710903
386,32.90218061758033
387,32.882465999789055
388,32.86400276685099
389,32.850496488656965
390,32.83784200418392
391,32.822179672524925
392,32.80305947383051
393,32.78496700486633
394,32.76543163482149
395,32.74578803119969
396,32.72693570683988
397,32.707404213031175
398,32.68816889385117
399,32.67359427951713
400,32.65910001243045
401,32.64636002494151
402,32.63276410405692
403,32.62097887519333
404,32.607730799560926
405,32.59291273495022
406,32.577866612111876
407,32.56304188639639
408,32.55012483389601
409,32.53575325160229
410,32.52225713441938
411,32.51110798479097
412,32.49957941551807
413,32.48656869355651
414,32.472718446350704
415,32.46045677900533
416,32.44929754363517
417,32.43667203685922
418,32.42500147687779
419,32.41222656562041
420,32.39888004108809
421,32.38670891963588
422,32.37407690228537
423,32.36197069839681
424,32.34976845414719
425,32.521885288119876
426,32.693751370938536
427,32.86212556615166
428,33.03174173787928
429,33.20405140524649
430,33.37332789816722
431,33.542851830504794
432,33.71307246944059
433,33.88185799740268
434,34.05056400605064
435,34.21999076902071
436,34.389923851367996
437,34.56146440552679
438,34.73458853431197
439,34.90696940401783
440,35.0753159387052
441,35.24417477647155
442,35.41508572433506
443,35.58759402063366
444,35.76126774717041
445,35.93394027550049
446,36.104888932001074
447,36.274899990691566
448,36.44468396962211
449,36.614036858284685
450,36.78451825884689
451,36.95602979767817
452,37.127789114625685
453,37.30095614545115
454,37.4714670129443
455,37.45862586695192
456,37.44408248831935
457,37.42830947691839
458,37.413436279421084
459,37.40086319593247
460,37.3884458393307
461,37.377504162477706
462,37.36709270219133
463,37.355522585675644
464,37.341939798839974
465,37.32685769849611
466,37.31222554274088
467,37.296858971746104
468,37.2810410637305
469,37.26860172924003
470,37.25784016570139
471,37.248030651184564
472,37.23952592328027
473,37.23181017899892
474,37.22433400875809
475,37.21711645504337
476,37.21005142938235
477,37.20320129026964
478,37.193796673192324
479,37.183793422082644
480,37.1737536289685
481,37.16190788564166
482,37.151466017591325
483,37.14160012828592
484,37.13251038962777
485,37.12360874255582
486,37.11358445439048
487,37.10245062154597
488,37.08906668944127
489,37.076575195101995
490,37.06445314756526
491,37.05401827932334
492,37.04397280357212
493,37.03282843338244
494,37.02231344369274
495,37.01176996553979
496,37.001728667093666
497,36.99194609807343
498,36.98282361838182
499,36.97463263989023
500,36.965410695196326
501,36.956090828471055
502,36.94831663956592
503,36.94108188740124
504,36.93421820027514
505,36.926713202871696
506,36.91967568720621
507,36.91343016583616
508,36.90743690095212
509,36.90227443036808
510,36.89622979593378
511,36.888628268935406
512,36.88047511198495
513,36.87224202175161
514,36.86764476676775
515,36.86291071448283
516,36.85895349024305
517,36.85450462364249
518,36.84767665058763
519,36.841164195715976
520,36.83406496131996
521,36.82627120306071
522,36.81841279067208
523,36.81032259434987
524,36.80253421766301
525,36.79269418248242
526,36.78325896947624
527,36.7744059447206
528,36.76599996678091
529,36.758956166340454
530,36.751537236460386
531,36.74505496355313
532,36.73962326383271
533,36.733639256757186
534,36.72800629376695
535,36.72125449065437
536,36.71517154544934
537,36.71048562624689
538,36.70620411525009
539,36.70353741457302
540,36.70079665142144
541,36.69708807086496
542,36.69253533616168
543,36.68879841767643
544,36.68855214489585
545,36.68509619715944
546,36.68073975811808
547,36.67565138764111
548,36.671497641937705
549,36.668649397878134
550,36.66663544802277
551,36.66361913332771
552,36.65981409844098
553,36.65681136939315
554,36.6549137442881
555,36.65348480518703
556,36.65185968332213
557,36.64962960501647
558,36.64690547581503
559,36.643390707119494
560,36.639384107897
561,36.63773475014118
562,36.63568098417928
563,36.63287169065876
564,36.62926201060135
565,36.62691041414047
566,36.62405151983678
567,36.62427483626098
568,36.62657423523625
569,36.62825829096049
570,36.63217923663049
571,36.631552528101494
572,36.628055484724015
573,36.62426900308901
574,36.621952104596126
575,36.61880610530437
576,36.61570545422474
577,36.613309036419
578,36.61161060474727
579,36.60910821136851
580,36.60680828552598
581,36.60452902040421
582,36.601360252922674
583,36.5978749135234
584,36.59540469667657
585,36.59388912555485
586,36.59081346303383
587,36.5871670528062
588,36.58136556757961
589,36.57592671752057
590,36.5710975657076
591,36.56736459872657
592,36.56253582324341
593,36.55899497462176
594,36.55397645168166
595,36.5484859310034
596,36.54280095869458
597,36.53810788914923
598,36.534597109591324
599,36.532566525785825
600,36.531171268551645
601,36.53210220525312
602,36.53311025273202
603,36.53393510096025
604,36.5312167296644
605,36.70933578526069
606,36.888816717292805
607,37.066670231823956
608,37.24325226527925
609,37.42030554380885
610,37.599169928322226
611,37.777058253722025
612,37.95277731634283
613,38.1281426629095
614,38.30340820577448
615,38.47790809770697
616,38.65269509462455
617,38.82879613596317
618,39.00745033809888
619,39.1870082680082
620,39.363991435566646
621,39.54063616622019
622,39.71935803315692
623,39.89729994847666
624,40.07252620210322
625,40.24751231719029
626,40.42429696871716
627,40.600788004680126
628,40.779410632417125
629,40.95786613035251
630,41.135055190085026
631,41.31349284980213
632,41.49164396903311
633,41.669885370722994
634,41.8461868097635
635,42.02297142365569
636,42.20080382586607
637,42.3769242107592
638,42.553298282205226
639,42.72462071334792
640,42.897124982875894
641,43.071786096167386
642,43.24617485675449
643,43.42144706072852
644,43.59627688442555
645,43.770845419627626
646,43.94415876900119
647,44.118708562782395
648,44.29515989553819
649,44.46862863309921
650,44.64288838648795
651,44.81609640005724
652,44.98915711661074
653,45.16256131294216
654,45.33473312927125
655,45.508145981277536
656,45.680231993517516
657,45.851452588758
658,46.02388260764444
659,46.195022404034134
660,46.367411891780165
661,46.5403581276164
662,46.715340968600984
663,46.88968208533948
664,47.05875866979216
665,47.22721633582493
666,47.397046152203146
667,47.56705186695595
668,47.73749759108585
669,47.91283712116238
670,48.08546320991114
671,48.25619660352935
672,48.427188576038965
673,48.59865228285675
674,48.767347904694006
675,48.93630176672331
676,49.10429966585996
677,49.27143538446494
678,49.44044456755
679,49.609301034416475
680,49.777560523117025
681,49.94603572629912
682,50.113800712504286
683,50.28264795919266
684,50.45054541486357
685,50.61884423043723
686,50.7861866691495
687,50.953025761522355
688,51.1209883605565
689,51.28858433529145
690,51.458821118944385
691,51.62953667434432
692,51.80031936767759
693,51.97274419316081
694,52.14550636418145
695,52.13391080750542
696,52.12122851197214
697,52.1040900489652
698,52.08622255229534
699,52.068877896049635
700,52.05083039896522
701,52.034328805496244
702,52.01774419281107
703,52.00363032384085
704,51.99336838093997
705,51.98127809596897
706,51.96913550061042
707,51.95455076289995
708,51.9413520622477
709,51.9257167513504
710,51.91125831123476
711,51.89658246313218
712,51.8816902231493
713,51.867489872691216
714,51.85321222328868
715,51.83826406011638
716,51.8249379328714
717,51.81484221656783
718,51.80149211686407
719,51.78892151717514
720,51.775732036700994
721,51.76267890192873
722,51.75070253317176
723,51.73492899490227
724,51.72149617705124
725,51.707363227960776
726,51.69490932935879
727,51.680621330780234
728,51.66604411974672
729,51.652988388270714
730,51.639147963376644
731,51.62078652871036
732,51.60211883366937
733,51.58190613821126
734,51.56332353222168
735,51.54730308140387
736,51.53407306978932
737,51.51878112577015
738,51.50096300408046
739,51.48355275286808
740,51.46860270802548
741,51.45554900875426
742,51.443936742862135
743,51.4292746309421
744,51.41556976145138
745,51.40209419209028
746,51.384280059540785
747,51.3661429197658
748,51.34934424846554
749,51.330118299998105
750,51.3126657112444
751,51.295174811715704
752,51.275460193924424
753,51.25699696098636
754,51.243490682792334
755,51.23083619831929
756,51.2151738666603
757,51.19605366796588
758,51.1779611990017
759,51.15842582895686
760,51.138782225335056
761,51.11992990097525
762,51.100398407166544
763,51.08116308798654
764,51.0665884736525
765,51.052094206565826
766,51.039354219076884
767,51.025758298192294
768,51.013973069328706
769,51.000724993696295
770,50.98590692908559
771,50.97086080624723
772,50.95603608053176
773,50.943119028031376
774,50.928747445737656
775,50.915251328554746
776,50.90410217892633
777,50.89257360965343
778,50.87956288769187
779,50.865712640486066
780,50.85345097314069
781,50.84229173777053
782,50.82966623099458
783,50.81799567101315
784,50.80522075975577
785,50.791874235223446
786,50.779703113771234
787,50.76707109642073
788,50.75496489253218
789,50.74276264828256
790,50.732016025193765
791,50.72101865095094
792,50.70652938910258
793,50.69328210376871
794,50.68272831407444
795,50.66914134993367
796,50.655801825209764
797,50.64315900708407
798,50.62908107798468
799,50.61492362957115
800,50.601486935479734
801,50.58855656076554
802,50.577233657862855
803,50.567494329586545
804,50.55701174223091
805,50.5424948198568
806,50.52849020056168
807,50.51653769136369
808,50.5061825306008
809,50.49699280007607
810,50.48680187134467
811,50.47488707078376
812,50.46203467241276
813,50.44895519428182
814,50.435444625882916
815,50.42306256938363
816,50.41171065115343
817,50.40060651103946
818,50.39091008480345
819,50.378557495235114
820,50.36571634924273
821,50.35117297061016
822,50.335399959209205
823,50.32052676171189
824,50.30795367822328
825,50.29553632162149
826,50.2845946447685
827,50.274183184482126
828,50.26261306796644
829,50.249030281130764
830,50.233948180786896
831,50.219316025031674
832,50.203949454036895
833,50.18813154602128
834,50.175692211530816
835,50.16493064799217
836,50.15512113347535
837,50.14661640557106
838,50.1389006612897
839,50.131424491048875
840,50.12420693733415
841,50.11714191167313
842,50.110291772560416
843,50.10088715548311
844,50.09088390437343
845,50.08084411125928
846,50.068998367932444
847,50.05855649988211
848,50.048690610576706
849,50.039600871918545
850,50.0306992248466
851,50.02067493668126
852,50.00954110383675
853,49.996157171732044
854,49.98366567739277
855,49.971543629856036
856,49.96110876161411
857,49.951063285862894
858,49.93991891567321
859,49.92940392598352
860,49.91886044783057
861,49.90881914938444
862,49.8990365803642
863,49.8899141006726
864,49.881723122181015
865,49.87250117748711
866,49.86318131076184
867,49.85540712185671
868,49.84817236969203
869,49.841308682565916
870,49.83380368516247
871,49.82676616949699
872,49.820520648126944
873,49.814527383242904
874,49.80936491265886
875,49.803320278224554
876,49.79571875122619
877,49.78756559427573
878,49.779332504042394
879,49.77473524905853
880,49.770001196773606
881,49.766043972533836
882,49.761595105933274
883,49.75476713287841
884,49.748254678006774
885,49.741155443610744
886,49.733361685351504
887,49.72550327296287
888,49.71741307664066
889,49.70962469995379
890,49.69978466477321
891,49.69034945176703
892,49.681496427011396
893,49.673090449071694
894,49.66604664863124
895,49.65862771875117
896,49.652145445843914
897,49.646713746123496
898,49.64072973904797
899,49.63509677605774
900,49.62834497294515
901,49.62226202774012
902,49.61757610853766
903,49.613294597540865
904,49.610627896863804
905,49.60788713371221
906,49.60417855315573
907,49.59962581845246
908,49.59588889996721
909,49.59564262718662
910,49.592186679450215
911,49.58783024040884
912,49.58274186993187
913,49.578588124228474
914,49.5757398801689
915,49.573725930313536
916,49.570709615618476
917,49.56690458073175
918,49.563901851683916
919,49.56200422657887
920,49.560575287477796
921,49.5589501656129
922,49.55672008730725
923,49.553995958105794
924,49.55048118941026
925,49.54647459018776
926,49.54482523243195
927,49.54277146647004
928,49.53996217294952
929,49.536352492892114
930,49.53400089643123
931,49.531142002127545
932,49.53136531855174
933,49.53366471752701
934,49.53534877325124
935,49.53926971892124
936,49.53864301039224
937,49.53514596701477
938,49.53135948537976
939,49.529042586886874
940,49.52589658759513
941,49.52279593651549
942,49.52039951870975
943,49.518701087038025
944,49.51619869365926
945,49.513898767816734
946,49.51161950269496
947,49.50845073521343
948,49.50496539581416
949,49.502495178967315
950,49.50097960784561
951,49.49790394532459
952,49.49425753509696
953,49.488456049870365
954,49.48301719981132
955,49.47818804799835
956,49.47445508101733
957,49.46962630553416
958,49.466085456912516
959,49.46106693397242
960,49.45557641329416
961,49.44989144098534
962,49.44519837143999
963,49.441687591882086
964,49.43965700807659
965,49.4382617508424
966,49.43919268754389
967,49.44020073502279
968,49.44102558325102
969,49.43830721195516
970,49.43356281048997
971,49.4301802854606
972,49.42517034293026
973,49.41888891932406
974,49.41307874079218
975,49.409079668244075
976,49.40410453658239
977,49.3969601421417
978,49.389462031646886
979,49.381864117450384
980,49.373500552321396
981,49.365424092177484
982,49.35866167645461
983,49.35445242152883
984,49.35114689437667
985,49.34526660487364
986,49.3390478784657
987,49.334906288340946
988,49.3299847465992
989,49.32234754316428
990,49.31447020118986
991,49.30839139565525
992,49.30201897455673
993,49.29777814523224
994,49.29337018610614
995,49.287695788777185
996,49.283269991432796
997,49.2785576536023
998,49.273935598230686
999,49.267373580209714
1000,49.26129473704041
1001,49.256263682189314
1002,49.24952061002096
1003,49.2430312244055
1004,49.2314901984867
1005,49.2211310109532
1006,49.212928667183206
1007,49.20445397070882
1008,49.196862717621364
1009,49.1888290842569
1010,49.1805341623975
1011,49.170984054709585
1012,49.1626703914293
1013,49.156258267123604
1014,49.14686354762314
1015,49.138259843950394
1016,49.12860440045821
1017,49.11880165995022
1018,49.109342399220154
1019,49.09865075848776
1020,49.089200153432564
1021,49.07842270861105
1022,49.066779846790055
1023,49.056346408615006
1024,49.044622747943215
1025,49.03414877862777
1026,49.024231557402516
1027,49.01635094132562
1028,49.00782860100262
1029,48.99404172839382
1030,48.9796359373651
1031,48.966602296681835
1032,48.95374455437315
1033,48.94132682144157
1034,48.93380289445661
1035,48.92356552614389
1036,48.91143546270061
1037,48.89956397814874
1038,48.88816422790504
1039,48.87399639268081
1040,48.86008679764863
1041,48.8452212397238
1042,48.82949350126729
1043,48.81563922729087
1044,48.80163223709585
1045,48.78702826873492
1046,48.772640014855526
1047,48.75754154399921
1048,48.743525333626096
1049,48.72855933223553
1050,48.7139946907477
1051,48.698473672398485
1052,48.68244930770985
1053,48.66754844968252
1054,48.652280967355985
1055,48.63965429394743
1056,48.62750639228587
1057,48.61542562855766
1058,48.60498699697939
1059,48.594885710938556
1060,48.58329015426252
1061,48.57060785872925
1062,48.553469395722296
1063,48.53560189905244
1064,48.51825724280674
1065,48.500209745722316
1066,48.48370815225335
1067,48.46712353956817
1068,48.45300967059795
1069,48.442747727697075
1070,48.430657442726066
1071,48.418514847367526
1072,48.403930109657054
1073,48.39073140900481
1074,48.375096098107505
1075,48.360637657991866
1076,48.34596180988928
1077,48.331069569906404
1078,48.31686921944832
1079,48.302591570045784
1080,48.28764340687349
1081,48.2743172796285
1082,48.26422156332494
1083,48.25087146362117
1084,48.238300863932245
1085,48.2251113834581
1086,48.21205824868583
1087,48.20008187992887
1088,48.18430834165937
1089,48.17087552380835
1090,48.156742574717875
1091,48.14428867611589
1092,48.13000067753734
1093,48.11542346650382
1094,48.10236773502782
1095,48.08852731013375
1096,48.07016587546747
1097,48.05149818042648
1098,48.031285484968365
1099,48.012702878978786
1100,47.99668242816097
1101,47.98345241654642
1102,47.96816047252725
1103,47.95034235083756
1104,47.932932099625184
1105,47.91798205478259
1106,47.904928355511366
1107,47.89331608961924
1108,47.878653977699216
1109,47.86494910820849
1110,47.85147353884739
1111,47.83365940629789
1112,47.815522266522905
1113,47.79872359522265
1114,47.77949764675521
1115,47.7620450580015
1116,47.74455415847281
1117,47.72483954068153
1118,47.706376307743476
1119,47.69287002954944
1120,47.68021554507639
1121,47.664553213417406
1122,47.64543301472298
1123,47.6273405457588
1124,47.60780517571396
1125,47.58816157209216
1126,47.569309247732356
1127,47.54977775392365
1128,47.530542434743644
1129,47.51596782040961
1130,47.50147355332293
1131,47.48873356583399
1132,47.4751376449494
1133,47.46335241608581
1134,47.4501043404534
1135,47.43528627584269
1136,47.420240153004336
1137,47.405415427288865
1138,47.39249837478848
1139,47.37812679249476
1140,47.364630675311844
1141,47.353481525683435
1142,47.34195295641054
1143,47.328942234448974
1144,47.31509198724317
1145,47.302830319897794
1146,47.291671084527636
1147,47.27904557775169
1148,47.267375017770256
1149,47.25460010651288
1150,47.24125358198055
1151,47.22908246052834
1152,47.21645044317783
1153,47.20434423928928
1154,47.19214199503966
1155,47.36425882901236
1156,47.53612491183101
1157,47.70449910704414
1158,47.874115278771754
1159,48.04642494613897
1160,48.215701439059686
1161,48.38522537139727
1162,48.555446010333064
1163,48.72423153829515
1164,48.89293754694311
1165,49.06236430991317
1166,49.23229739226046
1167,49.403837946419266
1168,49.57696207520444
1169,49.74934294491029
1170,49.91768947959767
1171,50.08654831736403
1172,50.25745926522753
1173,50.42996756152613
1174,50.603641288062875
1175,50.77631381639296
1176,50.947262472893534
1177,51.117273531584026
1178,51.28705751051457
1179,51.45641039917715
1180,51.626891799739354
1181,51.79840333857064
1182,51.97016265551815
1183,52.14332968634362
1184,52.31384055383677
1185,52.300999407844394
1186,52.28645602921181
1187,52.27068301781086
1188,52.255809820313544
1189,52.24323673682494
1190,52.23081938022315
1191,52.21987770337015
1192,52.20946624308379
1193,52.1978961265681
1194,52.18431333973243
1195,52.16923123938856
1196,52.154599083633336
1197,52.13923251263855
1198,52.123414604622944
1199,52.11097527013248
1200,52.10021370659383
1201,52.09040419207701
1202,52.081899464172714
1203,52.07418371989136
1204,52.06670754965053
1205,52.059489995935806
1206,52.052424970274785
1207,52.04557483116207
1208,52.03617021408476
1209,52.02616696297509
1210,52.01612716986094
1211,52.0042814265341
1212,51.993839558483764
1213,51.98397366917837
1214,51.97488393052021
1215,51.96598228344826
1216,51.955957995282915
1217,51.944824162438415
1218,51.931440230333706
1219,51.91894873599443
1220,51.90682668845769
1221,51.896391820215776
1222,51.88634634446455
1223,51.87520197427487
1224,51.86468698458517
1225,51.85414350643223
1226,51.8441022079861
1227,51.83431963896586
1228,51.82519715927426
1229,51.81700618078268
1230,51.80778423608877
1231,51.7984643693635
1232,51.79069018045836
1233,51.783455428293685
1234,51.77659174116758
1235,51.769086743764134
1236,51.762049228098654
1237,51.7558037067286
1238,51.74981044184456
1239,51.74464797126052
1240,51.738603336826216
1241,51.731001809827845
1242,51.72284865287738
1243,51.71461556264405
1244,51.710018307660185
1245,51.70528425537527
1246,51.7013270311355
1247,51.69687816453493
1248,51.69005019148007
1249,51.68353773660842
1250,51.676438502212406
1251,51.668644743953166
1252,51.66078633156453
1253,51.652696135242316
1254,51.64490775855545
1255,51.63506772337487
1256,51.62563251036868
1257,51.61677948561305
1258,51.608373507673356
1259,51.60132970723289
1260,51.593910777352825
1261,51.587428504445576
1262,51.58199680472515
1263,51.576012797649625
1264,51.5703798346594
1265,51.563628031546806
1266,51.55754508634178
1267,51.552859167139324
1268,51.54857765614253
1269,51.54591095546545
1270,51.54317019231387
1271,51.53946161175739
1272,51.534908877054114
1273,51.53117195856887
1274,51.53092568578828
1275,51.52746973805187
1276,51.523113299010504
1277,51.518024928533535
1278,51.51387118283013
1279,51.51102293877056
1280,51.50900898891519
1281,51.50599267422013
1282,51.502187639333414
1283,51.49918491028558
1284,51.497287285180526
1285,51.49585834607945
1286,51.494233224214554
1287,51.4920031459089
1288,51.48927901670746
1289,51.485764248011925
1290,51.48175764878942
1291,51.4801082910336
1292,51.4780545250717
1293,51.47524523155118
1294,51.471635551493776
1295,51.469283955032886
1296,51.4664250607292
1297,51.4666483771534
1298,51.46894777612866
1299,51.470631831852906
1300,51.4745527775229
1301,51.4739260689939
1302,51.47042902561643
1303,51.46664254398142
1304,51.464325645488536
1305,51.46117964619678
1306,51.45807899511715
1307,51.45568257731141
1308,51.45398414563969
1309,51.45148175226092
1310,51.44918182641839
1311,51.446902561296625
1312,51.443733793815085
1313,51.44024845441582
1314,51.43777823756898
1315,51.43626266644726
1316,51.43318700392624
1317,51.42954059369862
1318,51.42373910847203
1319,51.41830025841298
1320,51.413471106600014
1321,51.40973813961899
1322,51.404909364135825
1323,51.40136851551418
1324,51.39634999257408
1325,51.390859471895816
1326,51.385174499587
1327,51.38048143004165
1328,51.37697065048375
1329,51.37494006667825
1330,51.37354480944406
1331,51.37447574614554
1332,51.37548379362445
1333,51.37630864185268
1334,51.37359027055682
1335,51.55170932615311
1336,51.73119025818522
1337,51.90904377271637
1338,52.08562580617166
1339,52.26267908470127
1340,52.44154346921464
1341,52.619431794614435
1342,52.79515085723524
1343,52.9705162038019
1344,53.14578174666689
1345,53.32028163859939
1346,53.49506863551696
1347,53.67116967685557
1348,53.84982387899128
1349,54.0293818089006
1350,54.206364976459064
1351,54.3830097071126
1352,54.56173157404933
1353,54.73967348936907
1354,54.91489974299564
1355,55.08988585808272
1356,55.266670509609575
1357,55.44316154557254
1358,55.62178417330955
1359,55.80023967124493
1360,55.97742873097746
1361,56.15586639069455
1362,56.33401750992553
1363,56.51225891161541
1364,56.688560350655926
1365,56.865344964548115
1366,57.04317736675849
1367,57.219297751651624
1368,57.39567182309765
1369,57.56699425424034
1370,57.73949852376832
1371,57.91415963705981
1372,58.08854839764691
1373,58.26382060162094
1374,58.438650425317974
1375,58.613218960520044
1376,58.786532309893616
1377,58.96108210367481
1378,59.13753343643061
1379,59.311002173991625
1380,59.48526192738037
1381,59.65846994094966
1382,59.831530657503166
1383,60.004934853834584
1384,60.177106670163674
1385,60.35051952216996
1386,60.52260553440994
1387,60.69382612965042
1388,60.866256148536856
1389,61.03739594492656
1390,61.20978543267258
1391,61.38273166850883
1392,61.55771450949341
1393,61.7320556262319
1394,61.90113221068458
1395,62.06958987671735
1396,62.23941969309557
1397,62.40942540784837
1398,62.57987113197828
1399,62.75521066205481
1400,62.92783675080356
1401,63.09857014442177
1402,63.26956211693139
1403,63.44102582374917
1404,63.60972144558642
1405,63.77867530761572
1406,63.946673206752386
1407,64.11380892535736
1408,64.28281810844243
1409,64.45167457530889
1410,64.61993406400944
1411,64.78840926719153
1412,64.95617425339671
1413,65.12502150008507
1414,65.292918955756
1415,65.46121777132966
1416,65.62856021004193
1417,65.79539930241478
1418,65.96336190144893
1419,66.13095787618388
1420,66.3011946598368
1421,66.47191021523675
1422,66.64269290857001
1423,66.81511773405323
1424,66.98787990507387
1425,66.97628434839784
1426,66.96360205286456
1427,66.94646358985761
1428,66.92859609318776
1429,66.91125143694205
1430,66.89320393985764
1431,66.87670234638867
1432,66.86011773370349
1433,66.84600386473326
1434,66.8357419218324
1435,66.82365163686138
1436,66.81150904150284
1437,66.79692430379237
1438,66.78372560314013
1439,66.76809029224282
1440,66.75363185212719
1441,66.7389560040246
1442,66.72406376404172
1443,66.70986341358363
1444,66.69558576418109
1445,66.68063760100881
1446,66.66731147376382
1447,66.65721575746025
1448,66.64386565775649
1449,66.63129505806756
1450,66.61810557759341
1451,66.60505244282115
1452,66.59307607406419
1453,66.57730253579469
1454,66.56386971794367
1455,66.5497367688532
1456,66.5372828702512
1457,66.52299487167267
1458,66.50841766063914
1459,66.49536192916312
1460,66.48152150426907
1461,66.46316006960278
1462,66.44449237456179
1463,66.42427967910368
1464,66.40569707311411
1465,66.38967662229629
1466,66.37644661068174
1467,66.36115466666257
1468,66.34333654497289
1469,66.3259262937605
1470,66.31097624891791
1471,66.29792254964667
1472,66.28631028375456
1473,66.27164817183453
1474,66.2579433023438
1475,66.2444677329827
1476,66.22665360043321
1477,66.20851646065822
1478,66.19171778935797
1479,66.17249184089053
1480,66.15503925213682
1481,66.13754835260812
1482,66.11783373481686
1483,66.0993705018788
1484,66.08586422368475
1485,66.0732097392117
1486,66.05754740755272
1487,66.0384272088583
1488,66.02033473989411
1489,66.00079936984928
1490,65.98115576622749
1491,65.96230344186768
1492,65.94277194805898
1493,65.92353662887896
1494,65.90896201454493
1495,65.89446774745825
1496,65.8817277599693
1497,65.86813183908473
1498,65.85634661022112
1499,65.84309853458872
1500,65.82828046997801
1501,65.81323434713966
1502,65.79840962142418
1503,65.78549256892379
1504,65.77112098663008
1505,65.75762486944717
1506,65.74647571981876
1507,65.73494715054585
1508,65.72193642858429
1509,65.70808618137849
1510,65.69582451403312
1511,65.68466527866296
1512,65.672039771887
1513,65.66036921190556
1514,65.6475943006482
1515,65.63424777611587
1516,65.62207665466366
1517,65.60944463731315
1518,65.5973384334246
1519,65.58513618917499
1520,65.75725302314767
1521,65.92911910596632
1522,66.09749330117947
1523,66.26710947290707
1524,66.43941914027428
1525,66.608695633195
1526,66.7782195655326
1527,66.94844020446838
1528,67.11722573243047
1529,67.28593174107843
1530,67.45535850404849
1531,67.62529158639578
1532,67.79683214055459
1533,67.96995626933976
1534,68.14233713904561
1535,68.31068367373298
1536,68.47954251149935
1537,68.65045345936284
1538,68.82296175566144
1539,68.9966354821982
1540,69.16930801052828
1541,69.34025666702885
1542,69.51026772571934
1543,69.68005170464988
1544,69.84940459331247
1545,70.01988599387468
1546,70.19139753270595
1547,70.36315684965348
1548,70.53632388047893
1549,70.7068347479721
1550,70.69399360197971
1551,70.67945022334713
1552,70.66367721194618
1553,70.64880401444887
1554,70.63623093096027
1555,70.62381357435848
1556,70.61287189750547
1557,70.60246043721911
1558,70.59089032070341
1559,70.57730753386775
1560,70.56222543352388
1561,70.54759327776866
1562,70.53222670677387
1563,70.51640879875828
1564,70.5039694642678
1565,70.49320790072916
1566,70.48339838621233
1567,70.47489365830803
1568,70.46717791402668
1569,70.45970174378586
1570,70.45248419007113
1571,70.44541916441011
1572,70.4385690252974
1573,70.42916440822009
1574,70.41916115711041
1575,70.40912136399626
1576,70.39727562066943
1577,70.3868337526191
1578,70.3769678633137
1579,70.36787812465553
1580,70.35897647758358
1581,70.34895218941824
1582,70.33781835657373
1583,70.32443442446903
1584,70.31194293012976
1585,70.29982088259302
1586,70.2893860143511
1587,70.27934053859988
1588,70.2681961684102
1589,70.2576811787205
1590,70.24713770056755
1591,70.23709640212142
1592,70.22731383310118
1593,70.21819135340958
1594,70.210000374918
1595,70.20077843022409
1596,70.19145856349883
1597,70.1836843745937
1598,70.176449622429
1599,70.1695859353029
1600,70.16208093789945
1601,70.15504342223397
1602,70.14879790086391
1603,70.14280463597989
1604,70.13764216539585
1605,70.13159753096153
1606,70.12399600396317
1607,70.11584284701271
1608,70.10760975677937
1609,70.10301250179552
1610,70.09827844951059
1611,70.09432122527082
1612,70.08987235867026
1613,70.08304438561541
1614,70.07653193074376
1615,70.06943269634773
1616,70.06163893808849
1617,70.05378052569986
1618,70.04569032937763
1619,70.03790195269079
1620,70.0280619175102
1621,70.01862670450402
1622,70.00977367974838
1623,70.00136770180868
1624,69.99432390136822
1625,69.98690497148814
1626,69.9804226985809
1627,69.97499099886048
1628,69.96900699178497
1629,69.96337402879473
1630,69.95662222568214
1631,69.9505392804771
1632,69.94585336127464
1633,69.94157185027785
1634,69.93890514960079
1635,69.93616438644919
1636,69.93245580589272
1637,69.92790307118943
1638,69.9241661527042
1639,69.9239198799236
1640,69.92046393218719
1641,69.91610749314583
1642,69.91101912266886
1643,69.90686537696546
1644,69.90401713290589
1645,69.90200318305051
1646,69.89898686835545
1647,69.89518183346874
1648,69.8921791044209
1649,69.89028147931586
1650,69.88885254021477
1651,69.88722741834988
1652,69.88499734004424
1653,69.88227321084278
1654,69.87875844214724
1655,69.87475184292475
1656,69.87310248516893
1657,69.87104871920702
1658,69.86823942568651
1659,69.86462974562909
1660,69.86227814916822
1661,69.85941925486452
1662,69.85964257128873
1663,69.86194197026398
1664,69.86362602598822
1665,69.86754697165823
1666,69.86692026312923
1667,69.86342321975175
1668,69.85963673811675
1669,69.85731983962387
1670,69.8541738403321
1671,69.85107318925247
1672,69.84867677144672
1673,69.846978339775
1674,69.84447594639624
1675,69.84217602055372
1676,69.83989675543194
1677,69.83672798795041
1678,69.83324264855115
1679,69.8307724317043
1680,69.82925686058259
1681,69.82618119806156
1682,69.82253478783394
1683,69.81673330260735
1684,69.81129445254831
1685,69.80646530073534
1686,69.80273233375432
1687,69.79790355827114
1688,69.7943627096495
1689,69.7893441867094
1690,69.78385366603115
1691,69.77816869372232
1692,69.77347562417697
1693,69.76996484461907
1694,69.76793426081358
1695,69.7665390035794
1696,69.76746994028088
1697,69.76847798775977
1698,69.769302835988
1699,69.76658446469214
1700,69.94470352028844
1701,70.12418445232055
1702,70.3020379668517
1703,70.47862000030699
1704,70.65567327883659
1705,70.83453766334996
1706,71.01242598874975
1707,71.18814505137057
1708,71.36351039793723
1709,71.53877594080222
1710,71.71327583273472
1711,71.88806282965228
1712,72.06416387099091
1713,72.24281807312664
1714,72.42237600303596
1715,72.59935917059443
1716,72.77600390124795
1717,72.95472576818469
1718,73.13266768350442
1719,73.30789393713098
1720,73.48288005221806
1721,73.65966470374494
1722,73.83615573970789
1723,74.01477836744489
1724,74.19323386538026
1725,74.37042292511279
1726,74.5488605848299
1727,74.72701170406089
1728,74.90525310575075
1729,75.08155454479126
1730,75.25833915868344
1731,75.43617156089383
1732,75.61229194578695
1733,75.78866601723297
1734,75.95998844837567
1735,76.13249271790365
1736,76.30715383119512
1737,76.48154259178223
1738,76.65681479575626
1739,76.8316446194533
1740,77.00621315465536
1741,77.17952650402893
1742,77.35407629781014
1743,77.53052763056593
1744,77.70399636812695
1745,77.87825612151569
1746,78.05146413508498
1747,78.22452485163849
1748,78.39792904796991
1749,78.570100864299
1750,78.74351371630529
1751,78.91559972854527
1752,79.08682032378576
1753,79.2592503426722
1754,79.4303901390619
1755,79.60277962680793
1756,79.77572586264418
1757,79.95070870362876
1758,80.12504982036727
1759,80.29412640481993
1760,80.4625840708527
1761,80.63241388723092
1762,80.80241960198373
1763,80.97286532611363
1764,81.14820485619016
1765,81.32083094493893
1766,81.49156433855714
1767,81.66255631106675
1768,81.83402001788454
1769,82.00271563972181
1770,82.1716695017511
1771,82.33966740088775
1772,82.50680311949273
1773,82.6758123025778
1774,82.84466876944427
1775,83.01292825814483
1776,83.18140346132692
1777,83.34916844753208
1778,83.51801569422045
1779,83.68591314989135
1780,83.85421196546503
1781,84.0215544041773
1782,84.18839349655015
1783,84.3563560955843
1784,84.52395207031925
1785,84.69418885397218
1786,84.8649044093721
1787,85.03568710270538
1788,85.2081119281886
1789,85.38087409920925
1790,85.36927854253322
1791,85.35659624699994
1792,85.33945778399298
1793,85.32159028732313
1794,85.30424563107742
1795,85.28619813399298
1796,85.26969654052404
1797,85.25311192783886
1798,85.23899805886863
1799,85.22873611596776
1800,85.21664583099677
1801,85.20450323563821
1802,85.18991849792775
1803,85.1767197972755
1804,85.1610844863782
1805,85.14662604626255
1806,85.13195019815997
1807,85.1170579581771
1808,85.10285760771902
1809,85.08857995831647
1810,85.07363179514417
1811,85.06030566789919
1812,85.05020995159563
1813,85.03685985189186
1814,85.02428925220293
1815,85.0110997717288
1816,84.99804663695652
1817,84.98607026819955
1818,84.97029672993006
1819,84.95686391207904
1820,84.94273096298856
1821,84.93027706438659
1822,84.91598906580803
1823,84.90141185477452
1824,84.88835612329852
1825,84.87451569840447
1826,84.85615426373818
1827,84.83748656869719
1828,84.81727387323907
1829,84.7986912672495
1830,84.78267081643169
1831,84.76944080481714
1832,84.75414886079797
1833,84.73633073910828
1834,84.7189204878959
1835,84.70397044305331
1836,84.69091674378208
1837,84.67930447788996
1838,84.66464236596993
1839,84.65093749647919
1840,84.6374619271181
1841,84.61964779456859
1842,84.60151065479361
1843,84.58471198349335
1844,84.56548603502591
1845,84.5480334462722
1846,84.5305425467435
1847,84.51082792895224
1848,84.49236469601418
1849,84.47885841782016
1850,84.46620393334712
1851,84.45054160168812
1852,84.43142140299369
1853,84.41332893402952
1854,84.39379356398467
1855,84.37414996036287
1856,84.35529763600307
1857,84.33576614219437
1858,84.31653082301438
1859,84.30195620868032
1860,84.28746194159366
1861,84.27472195410472
1862,84.26112603322014
1863,84.24934080435655
1864,84.23609272872415
1865,84.22127466411345
1866,84.2062285412751
1867,84.19140381555962
1868,84.17848676305923
1869,84.1641151807655
1870,84.1506190635826
1871,84.1394699139542
1872,84.1279413446813
1873,84.11493062271973
1874,84.10108037551393
1875,84.08881870816855
1876,84.0776594727984
1877,84.06503396602244
1878,84.05336340604102
1879,84.04058849478363
1880,84.02724197025132
1881,84.01507084879911
1882,84.0024388314486
1883,83.99033262756005
1884,83.97813038331043
1885,84.15024721728312
1886,84.32211330010176
1887,84.4904874953149
1888,84.6601036670425
1889,84.83241333440972
1890,85.00168982733044
1891,85.17121375966802
1892,85.34143439860381
1893,85.51021992656591
1894,85.67892593521387
1895,85.84835269818393
1896,86.01828578053122
1897,86.18982633469001
1898,86.3629504634752
1899,86.53533133318105
1900,86.70367786786841
1901,86.87253670563476
1902,87.04344765349828
1903,87.21595594979686
1904,87.38962967633363
1905,87.56230220466371
1906,87.7332508611643
1907,87.90326191985478
1908,88.07304589878532
1909,88.2423987874479
1910,88.41288018801009
1911,88.58439172684137
1912,88.75615104378889
1913,88.92931807461436
1914,89.09982894210752
1915,89.08698779611512
1916,89.07244441748256
1917,89.0566714060816
1918,89.04179820858428
1919,89.02922512509568
1920,89.0168077684939
1921,89.00586609164091
1922,88.99545463135455
1923,88.98388451483886
1924,88.97030172800318
1925,88.95521962765932
1926,88.9405874719041
1927,88.92522090090932
1928,88.9094029928937
1929,88.89696365840325
1930,88.8862020948646
1931,88.87639258034778
1932,88.86788785244349
1933,88.86017210816213
1934,88.85269593792131
1935,88.84547838420659
1936,88.83841335854557
1937,88.83156321943287
1938,88.82215860235556
1939,88.81215535124586
1940,88.80211555813172
1941,88.79026981480489
1942,88.77982794675455
1943,88.76996205744915
1944,88.76087231879099
1945,88.75197067171902
1946,88.74194638355368
1947,88.73081255070917
1948,88.71742861860447
1949,88.7049371242652
1950,88.69281507672846
1951,88.68238020848653
1952,88.67233473273532
1953,88.66119036254564
1954,88.65067537285594
1955,88.640131894703
1956,88.63009059625688
1957,88.62030802723663
1958,88.61118554754503
1959,88.60299456905345
1960,88.59377262435954
1961,88.58445275763427
1962,88.57667856872914
1963,88.56944381656447
1964,88.56258012943836
1965,88.5550751320349
1966,88.54803761636941
1967,88.54179209499935
1968,88.53579883011531
1969,88.53063635953127
1970,88.52459172509697
1971,88.51699019809861
1972,88.50883704114815
1973,88.50060395091481
1974,88.49600669593093
1975,88.49127264364603
1976,88.48731541940624
1977,88.48286655280567
1978,88.4760385797508
1979,88.46952612487917
1980,88.46242689048314
1981,88.4546331322239
1982,88.44677471983526
1983,88.43868452351306
1984,88.43089614682619
1985,88.42105611164561
1986,88.41162089863943
1987,88.40276787388379
1988,88.39436189594409
1989,88.38731809550363
1990,88.37989916562357
1991,88.37341689271632
1992,88.3679851929959
1993,88.36200118592038
1994,88.35636822293014
1995,88.34961641981756
1996,88.34353347461254
1997,88.33884755541008
1998,88.33456604441328
1999,88.33189934373621
2000,88.32915858058462
2001,88.32545000002814
2002,88.32089726532486
2003,88.3171603468396
2004,88.31691407405901
2005,88.31345812632262
2006,88.30910168728126
2007,88.30401331680427
2008,88.29985957110087
2009,88.2970113270413
2010,88.29499737718594
2011,88.29198106249088
2012,88.28817602760415
2013,88.28517329855632
2014,88.28327567345126
2015,88.28184673435018
2016,88.28022161248529
2017,88.27799153417965
2018,88.27526740497821
2019,88.27175263628267
2020,88.26774603706018
2021,88.26609667930435
2022,88.26404291334246
2023,88.26123361982194
2024,88.25762393976454
2025,88.25527234330364
2026,88.25241344899996
2027,88.25263676542416
2028,88.25493616439942
2029,88.25662022012366
2030,88.26054116579365
2031,88.25991445726467
2032,88.25641741388719
2033,88.25263093225219
2034,88.2503140337593
2035,88.24716803446755
2036,88.2440673833879
2037,88.24167096558216
2038,88.23997253391043
2039,88.23747014053167
2040,88.23517021468915
2041,88.23289094956738
2042,88.22972218208585
2043,88.22623684268657
2044,88.22376662583973
2045,88.22225105471803
2046,88.21917539219702
2047,88.21552898196937
2048,88.20972749674279
2049,88.20428864668374
2050,88.19945949487078
2051,88.19572652788976
2052,88.1908977524066
2053,88.18735690378496
2054,88.18233838084485
2055,88.17684786016659
2056,88.17116288785776
2057,88.16646981831242
2058,88.16295903875454
2059,88.16092845494903
2060,88.15953319771485
2061,88.16046413441633
2062,88.16147218189522
2063,88.16229703012347
2064,88.1595786588276
2065,88.3376977144239
2066,88.51717864645602
2067,88.69503216098718
2068,88.87161419444246
2069,89.04866747297206
2070,89.22753185748543
2071,89.40542018288524
2072,89.58113924550605
2073,89.75650459207272
2074,89.9317701349377
2075,90.10627002687019
2076,90.28105702378777
2077,90.4571580651264
2078,90.6358122672621
2079,90.81537019717143
2080,90.9923533647299
2081,91.16899809538342
2082,91.34771996232017
2083,91.5256618776399
2084,91.70088813126647
2085,91.87587424635353
2086,92.0526588978804
2087,92.22914993384336
2088,92.40777256158036
2089,92.58622805951575
2090,92.76341711924826
2091,92.94185477896536
2092,93.12000589819635
2093,93.29824729988623
2094,93.47454873892673
2095,93.65133335281891
2096,93.8291657550293
2097,94.00528613992243
2098,94.18166021136845
2099,94.35298264251114
2100,94.52548691203911
2101,94.7001480253306
2102,94.87453678591771
2103,95.04980898989174
2104,95.22463881358875
2105,95.39920734879084
2106,95.57252069816441
2107,95.7470704919456
2108,95.9235218247014
2109,96.09699056226242
2110,96.27125031565117
2111,96.44445832922047
2112,96.61751904577396
2113,96.79092324210538
2114,96.96309505843448
2115,97.13650791044077
2116,97.30859392268074
2117,97.47981451792126
2118,97.65224453680767
2119,97.82338433319737
2120,97.9957738209434
2121,98.16872005677965
2122,98.34370289776425
2123,98.51804401450273
2124,98.6871205989554
2125,98.8555782649882
2126,99.0254080813664
2127,99.1954137961192
2128,99.36585952024912
2129,99.54119905032563
2130,99.7138251390744
2131,99.88455853269261
2132,100.05555050520223
2133,100.22701421202001
2134,100.39570983385728
2135,100.56466369588658
2136,100.73266159502322
2137,100.8997973136282
2138,101.06880649671328
2139,101.23766296357974
2140,101.4059224522803
2141,101.57439765546238
2142,101.74216264166756
2143,101.9110098883559
2144,102.07890734402683
2145,102.2472061596005
2146,102.41454859831278
2147,102.58138769068562
2148,102.74935028971979
2149,102.91694626445471
2150,103.08718304810765
2151,103.2578986035076
2152,103.42868129684086
2153,103.60110612232408
2154,103.77386829334472
2155,103.76227273666869
2156,103.74959044113541
2157,103.73245197812847
2158,103.7145844814586
2159,103.69723982521289
2160,103.67919232812847
2161,103.6626907346595
2162,103.64610612197434
2163,103.63199225300411
2164,103.62173031010323
2165,103.60964002513224
2166,103.5974974297737
2167,103.58291269206323
2168,103.56971399141098
2169,103.55407868051367
2170,103.53962024039804
2171,103.52494439229545
2172,103.51005215231257
2173,103.49585180185447
2174,103.48157415245194
2175,103.46662598927965
2176,103.45329986203467
2177,103.4432041457311
2178,103.42985404602734
2179,103.41728344633842
2180,103.40409396586426
2181,103.391040831092
2182,103.37906446233504
2183,103.36329092406554
2184,103.34985810621453
2185,103.33572515712406
2186,103.32327125852206
2187,103.30898325994352
2188,103.29440604891
2189,103.281350317434
2190,103.26750989253995
2191,103.24914845787364
2192,103.23048076283266
2193,103.21026806737454
2194,103.19168546138498
2195,103.17566501056716
2196,103.16243499895262
2197,103.14714305493345
2198,103.12932493324377
2199,103.11191468203137
2200,103.09696463718878
2201,103.08391093791755
2202,103.07229867202544
2203,103.05763656010541
2204,103.04393169061468
2205,103.03045612125356
2206,103.01264198870408
2207,102.99450484892908
2208,102.97770617762882
2209,102.95848022916138
2210,102.94102764040767
2211,102.92353674087897
2212,102.9038221230877
2213,102.88535889014966
2214,102.87185261195563
2215,102.85919812748259
2216,102.84353579582358
2217,102.82441559712917
2218,102.80632312816499
2219,102.78678775812016
2220,102.76714415449834
2221,102.74829183013854
2222,102.72876033632984
2223,102.70952501714984
2224,102.6949504028158
2225,102.68045613572913
2226,102.66771614824019
2227,102.65412022735562
2228,102.64233499849203
2229,102.62908692285961
2230,102.61426885824892
2231,102.59922273541058
2232,102.5843980096951
2233,102.57148095719471
2234,102.557109374901
2235,102.54361325771808
2236,102.53246410808967
2237,102.52093553881676
2238,102.50792481685522
2239,102.49407456964938
2240,102.48181290230401
2241,102.47065366693387
2242,102.45802816015791
2243,102.4463576001765
2244,102.43358268891912
2245,102.4202361643868
2246,102.40806504293458
2247,102.39543302558408
2248,102.38332682169552
2249,102.3711245774459
2250,102.54324141141859
2251,102.71510749423726
2252,102.88348168945036
2253,103.05309786117799
2254,103.2254075285452
2255,103.3946840214659
2256,103.5642079538035
2257,103.73442859273928
2258,103.90321412070138
2259,104.07192012934932
2260,104.24134689231941
2261,104.41127997466668
2262,104.5828205288255
2263,104.75594465761067
2264,104.92832552731652
2265,105.09667206200389
2266,105.26553089977025
2267,105.43644184763374
2268,105.60895014393233
2269,105.7826238704691
2270,105.95529639879918
2271,106.12624505529978
2272,106.29625611399025
2273,106.46604009292079
2274,106.63539298158337
2275,106.80587438214556
2276,106.97738592097686
2277,107.14914523792437
2278,107.32231226874984
2279,107.49282313624299
2280,107.47998199025061
2281,107.46543861161804
2282,107.44966560021707
2283,107.43479240271976
2284,107.42221931923115
2285,107.40980196262936
2286,107.39886028577638
2287,107.38844882549003
2288,107.37687870897435
2289,107.36329592213866
2290,107.3482138217948
2291,107.33358166603958
2292,107.31821509504478
2293,107.3023971870292
2294,107.2899578525387
2295,107.27919628900008
2296,107.26938677448325
2297,107.26088204657897
2298,107.25316630229761
2299,107.24569013205678
2300,107.23847257834207
2301,107.23140755268103
2302,107.22455741356835
2303,107.21515279649103
2304,107.20514954538135
2305,107.1951097522672
2306,107.18326400894037
2307,107.17282214089002
2308,107.16295625158462
2309,107.15386651292644
2310,107.14496486585449
2311,107.13494057768915
2312,107.12380674484464
2313,107.11042281273994
2314,107.09793131840067
2315,107.08580927086392
2316,107.075374402622
2317,107.06532892687079
2318,107.05418455668112
2319,107.04366956699141
2320,107.03312608883849
2321,107.02308479039235
2322,107.0133022213721
2323,107.00417974168052
2324,106.99598876318892
2325,106.98676681849503
2326,106.97744695176975
2327,106.9696727628646
2328,106.96243801069994
2329,106.95557432357383
2330,106.94806932617037
2331,106.94103181050488
2332,106.93478628913483
2333,106.92879302425078
2334,106.92363055366674
2335,106.91758591923244
2336,106.90998439223407
2337,106.90183123528362
2338,106.89359814505028
2339,106.88900089006641
2340,106.8842668377815
2341,106.88030961354171
2342,106.87586074694116
2343,106.86903277388629
2344,106.86252031901465
2345,106.85542108461863
2346,106.84762732635936
2347,106.83976891397073
2348,106.83167871764853
2349,106.82389034096167
2350,106.81405030578108
2351,106.8046150927749
2352,106.79576206801926
2353,106.78735609007957
2354,106.78031228963911
2355,106.77289335975904
2356,106.76641108685179
2357,106.76097938713137
2358,106.75499538005586
2359,106.74936241706563
2360,106.74261061395303
2361,106.73652766874801
2362,106.73184174954555
2363,106.72756023854875
2364,106.72489353787168
2365,106.7221527747201
2366,106.7184441941636
2367,106.71389145946033
2368,106.71015454097508
2369,106.70990826819448
2370,106.7064523204581
2371,106.70209588141672
2372,106.69700751093976
2373,106.69285376523634
2374,106.69000552117676
2375,106.6879915713214
2376,106.68497525662634
2377,106.68117022173963
2378,106.67816749269178
2379,106.67626986758674
2380,106.67484092848568
2381,106.67321580662077
2382,106.67098572831513
2383,106.66826159911368
2384,106.66474683041815
2385,106.66074023119565
2386,106.65909087343982
2387,106.65703710747793
2388,106.65422781395742
2389,106.65061813390002
2390,106.64826653743913
2391,106.64540764313544
2392,106.64563095955964
2393,106.6479303585349
2394,106.64961441425913
2395,106.65353535992914
2396,106.65290865140015
2397,106.64941160802266
2398,106.64562512638766
2399,106.64330822789476
2400,106.64016222860303
2401,106.63706157752338
2402,106.63466515971764
2403,106.63296672804593
2404,106.63046433466714
2405,106.62816440882462
2406,106.62588514370286
2407,106.62271637622133
2408,106.61923103682204
2409,106.6167608199752
2410,106.6152452488535
2411,106.61216958633248
2412,106.60852317610485
2413,106.60272169087825
2414,106.59728284081922
2415,106.59245368900626
2416,106.58872072202523
2417,106.58389194654208
2418,106.58035109792043
2419,106.57533257498034
2420,106.56984205430207
2421,106.56415708199324
2422,106.5594640124479
2423,106.55595323289
2424,106.5539226490845
2425,106.55252739185032
2426,106.55345832855178
2427,106.5544663760307
2428,106.55529122425894
2429,106.55257285296308
2430,106.73069190855938
2431,106.9101728405915
2432,107.08802635512265
2433,107.26460838857794
2434,107.44166166710754
2435,107.62052605162091
2436,107.79841437702072
2437,107.97413343964152
2438,108.14949878620818
2439,108.32476432907318
2440,108.49926422100567
2441,108.67405121792325
2442,108.85015225926186
2443,109.02880646139758
2444,109.2083643913069
2445,109.38534755886536
2446,109.5619922895189
2447,109.74071415645564
2448,109.91865607177537
2449,110.09388232540192
2450,110.268868440489
2451,110.44565309201587
2452,110.62214412797884
2453,110.80076675571583
2454,110.97922225365122
2455,111.15641131338373
2456,111.33484897310085
2457,111.51300009233182
2458,111.6912414940217
2459,111.86754293306221
2460,112.04432754695438
2461,112.22215994916478
2462,112.39828033405792
2463,112.57465440550394
2464,112.7459768366466
2465,112.9184811061746
2466,113.09314221946609
2467,113.2675309800532
2468,113.44280318402721
2469,113.61763300772424
2470,113.79220154292632
2471,113.96551489229988
2472,114.14006468608109
2473,114.31651601883686
2474,114.4899847563979
2475,114.66424450978664
2476,114.83745252335594
2477,115.01051323990944
2478,115.18391743624086
2479,115.35608925256996
2480,115.52950210457624
2481,115.70158811681623
2482,115.87280871205671
2483,116.04523873094315
2484,116.21637852733285
2485,116.38876801507888
2486,116.56171425091513
2487,116.73669709189971
2488,116.9110382086382
2489,117.08011479309089
2490,117.24857245912365
2491,117.41840227550189
2492,117.58840799025468
2493,117.75885371438459
2494,117.93419324446111
2495,118.10681933320988
2496,118.27755272682808
2497,118.44854469933772
2498,118.62000840615549
2499,118.78870402799275
2500,118.95765789002205
2501,119.12565578915869
2502,119.29279150776367
2503,119.46180069084875
2504,119.63065715771522
2505,119.79891664641576
2506,119.96739184959786
2507,120.13515683580302
2508,120.30400408249139
2509,120.47190153816231
2510,120.64020035373596
2511,120.80754279244823
2512,120.9743818848211
2513,121.14234448385525
2514,121.3099404585902
2515,121.48017724224313
2516,121.65089279764305
2517,121.82167549097633
2518,121.99410031645955
2519,122.1668624874802
2520,122.15526693080417
2521,122.14258463527088
2522,122.12544617226393
2523,122.10757867559407
2524,122.09023401934837
2525,122.07218652226395
2526,122.05568492879497
2527,122.0391003161098
2528,122.02498644713957
2529,122.01472450423871
2530,122.00263421926772
2531,121.99049162390916
2532,121.9759068861987
2533,121.96270818554645
2534,121.94707287464914
2535,121.9326144345335
2536,121.91793858643092
2537,121.90304634644804
2538,121.88884599598997
2539,121.87456834658741
2540,121.85962018341512
2541,121.84629405617014
2542,121.83619833986658
2543,121.82284824016281
2544,121.81027764047388
2545,121.79708815999975
2546,121.78403502522747
2547,121.7720586564705
2548,121.756285118201
2549,121.74285230035
2550,121.72871935125951
2551,121.71626545265752
2552,121.70197745407899
2553,121.68740024304547
2554,121.67434451156947
