,Temp_out_BTES,Temp_into_BTES,,,,,
0,39.85085749,29.85085749,3.97951558e+01],,1.05040123e+12],,39.98473388
1,39.6529972,29.6529972, [ 3.95421009e+01],, [ 1.04271664e+12],,39.94518813
2,39.4518367,29.4518367, [ 3.92862585e+01],, [ 1.03322345e+12],,39.90407466
3,39.23402748,29.23402748, [ 3.90143124e+01],, [ 1.02362570e+12],,39.8547357
4,39.03378388,29.03378388, [ 3.87604407e+01],, [ 1.01342382e+12],,39.81426067
5,38.86114971,28.86114971, [ 3.85346309e+01],, [ 1.00389999e+12],,39.7876437
6,38.71858493,28.71858493, [ 3.83392820e+01],, [ 9.95428888e+11],,39.77608458
7,38.55380105,28.55380105, [ 3.81221491e+01],, [ 9.88100505e+11],,39.75346125
8,38.36179543,28.36179543, [ 3.78782832e+01],, [ 9.79954911e+11],,39.71729952
9,38.17418496,28.17418496, [ 3.76392914e+01],, [ 9.70806445e+11],,39.6834033
10,38.01308534,28.01308534, [ 3.74272354e+01],, [ 9.61840827e+11],,39.66280377
11,37.87242048,27.87242048, [ 3.72359974e+01],, [ 9.53885688e+11],,39.6524424
12,37.7472883,27.7472883, [ 3.70606435e+01],, [ 9.46711523e+11],,39.64985255
13,37.58929141,27.58929141, [ 3.68528413e+01],, [ 9.40133238e+11],,39.63086839
14,37.44160962,27.44160962, [ 3.66557492e+01],, [ 9.32337679e+11],,39.61706944
15,37.29639875,27.29639875, [ 3.64615172e+01],, [ 9.24943901e+11],,39.60453107
16,37.10443611,27.10443611, [ 3.62210155e+01],, [ 9.17657419e+11],,39.56868865
17,36.9089928,26.9089928, [ 3.59775210e+01],, [ 9.08635157e+11],,39.53118106
18,36.72797263,26.72797263, [ 3.57489078e+01],, [ 8.99500626e+11],,39.50094563
19,36.52079646,26.52079646, [ 3.54946482e+01],, [ 8.90924356e+11],,39.45771882
20,36.33272977,26.33272977, [ 3.52599684e+01],, [ 8.81385977e+11],,39.4241141
21,36.14425025,26.14425025, [ 3.50253459e+01],, [ 8.72582119e+11],,39.39037059
22,35.93180825,25.93180825, [ 3.47672780e+01],, [ 8.63780413e+11],,39.34473729
23,35.732851,25.732851, [ 3.45231842e+01],, [ 8.54099173e+11],,39.30592414
24,35.58730921,25.58730921, [ 3.43328871e+01],, [ 8.44942154e+11],,39.29384294
25,35.45094623,25.45094623, [ 3.41521310e+01],, [ 8.37803287e+11],,39.28636612
26,35.2821711,25.2821711, [ 3.39393892e+01],, [ 8.31022345e+11],,39.2627306
27,35.07613448,25.07613448, [ 3.36898859e+01],, [ 8.23041478e+11],,39.22054886
28,34.88117253,24.88117253, [ 3.34519341e+01],, [ 8.13681528e+11],,39.18397774
29,34.67066208,24.67066208, [ 3.31989408e+01],, [ 8.04754926e+11],,39.13972107
30,34.45898531,24.45898531, [ 3.29452895e+01],, [ 7.95264052e+11],,39.09497091
31,34.25583527,24.25583527, [ 3.27006552e+01],, [ 7.85748494e+11],,39.0545651
32,34.04536658,24.04536658, [ 3.24492061e+01],, [ 7.76571201e+11],,39.01058809
33,33.83808944,23.83808944, [ 3.22014451e+01],, [ 7.67138258e+11],,38.96829161
34,33.6810354,23.6810354, [ 3.20043023e+01],, [ 7.57843670e+11],,38.95114106
35,33.52484718,23.52484718, [ 3.18084178e+01],, [ 7.50447989e+11],,38.93445685
36,33.38756283,23.38756283, [ 3.16317912e+01],, [ 7.43099516e+11],,38.92723905
37,33.24105506,23.24105506, [ 3.14463129e+01],, [ 7.36473487e+11],,38.91543319
38,33.11405906,23.11405906, [ 3.12806783e+01],, [ 7.29515391e+11],,38.91338731
39,32.97129963,22.97129963, [ 3.10996430e+01],, [ 7.23301719e+11],,38.90347958
40,32.81162221,22.81162221, [ 3.09020856e+01],, [ 7.16510302e+11],,38.88514958
41,32.64948726,22.64948726, [ 3.07024708e+01],, [ 7.09099070e+11],,38.86562994
42,32.48973806,22.48973806, [ 3.05056361e+01],, [ 7.01610653e+11],,38.84733983
43,32.35054569,22.35054569, [ 3.03297109e+01],, [ 6.94226534e+11],,38.83934415
44,32.1956795,22.1956795, [ 3.01384950e+01],, [ 6.87626815e+11],,38.82354323
45,32.0502472,22.0502472, [ 2.99570766e+01],, [ 6.80453480e+11],,38.81248142
46,31.9301055,21.9301055, [ 2.98012610e+01],, [ 6.73647689e+11],,38.81406175
47,31.80587523,21.80587523, [ 2.96416767e+01],, [ 6.67802373e+11],,38.81359872
48,31.66567349,21.66567349, [ 2.94664720e+01],, [ 6.61815673e+11],,38.80516684
49,31.51642513,21.51642513, [ 2.92825892e+01],, [ 6.55242987e+11],,38.79223758
50,31.3842951,21.3842951, [ 2.91161582e+01],, [ 6.48344747e+11],,38.78787621
51,31.26404471,21.26404471, [ 2.89619160e+01],, [ 6.42101201e+11],,38.78945151
52,31.12799399,21.12799399, [ 2.87922136e+01],, [ 6.36314908e+11],,38.7831393
53,31.00223365,21.00223365, [ 2.86331203e+01],, [ 6.29948635e+11],,38.7819746
54,30.86457297,20.86457297, [ 2.84624687e+01],, [ 6.23980358e+11],,38.77487397
55,31.17402787,21.17402787, [ 2.82860111e+01],, [ 6.17578478e+11],,38.76471389
56,31.04287354,21.04287354, [ 2.81225471e+01],, [ 6.10958789e+11],,38.76089445
57,30.90675266,20.90675266, [ 2.79544534e+01],, [ 6.04826545e+11],,38.75460434
58,30.77629788,20.77629788, [ 2.77923506e+01],, [ 5.98520622e+11],,38.75115419
59,31.09976229,21.09976229, [ 2.76295391e+01],, [ 5.92439445e+11],,38.74719451
60,30.98395817,20.98395817, [ 2.74827076e+01],, [ 5.86331683e+11],,38.75106986
61,30.86545198,20.86545198, [ 2.73334730e+01],, [ 5.80823394e+11],,38.75358913
62,30.70931769,20.70931769, [ 2.71469840e+01],, [ 5.75224959e+11],,38.73732694
63,30.56656677,20.56656677, [ 2.69742246e+01],, [ 5.68228950e+11],,38.72777557
64,30.91285282,20.91285282, [ 2.68307774e+01],, [ 5.61747998e+11],,38.73272665
65,30.76644157,20.76644157, [ 2.66549974e+01],, [ 5.56366673e+11],,38.72135798
66,30.62269669,20.62269669, [ 2.64822301e+01],, [ 5.49772405e+11],,38.71134257
67,30.48645942,20.48645942, [ 2.63173008e+01],, [ 5.43291152e+11],,38.70509348
68,30.3347576,20.3347576, [ 2.61372678e+01],, [ 5.37103942e+11],,38.69114008
69,30.64954153,20.64954153, [ 2.59567397e+01],, [ 5.30350124e+11],,38.676787
70,30.50474957,20.50474957, [ 2.57843238e+01],, [ 5.23577732e+11],,38.66633824
71,30.82719158,20.82719158, [ 2.56176979e+01],, [ 5.17109667e+11],,38.65863292
72,30.70517754,20.70517754, [ 2.54686925e+01],, [ 5.10858807e+11],,38.65958665
73,30.60022788,20.60022788, [ 2.53370153e+01],, [ 5.05268969e+11],,38.66905359
74,30.48726897,20.48726897, [ 2.51976083e+01],, [ 5.00329190e+11],,38.67450498
75,30.33083662,20.33083662, [ 2.50150936e+01],, [ 4.95099428e+11],,38.65825222
76,30.64692612,20.64692612, [ 2.48384534e+01],, [ 4.88252512e+11],,38.6447867
77,30.51812753,20.51812753, [ 2.46842355e+01],, [ 4.81625972e+11],,38.64238263
78,30.40654174,20.40654174, [ 2.45475044e+01],, [ 4.75840591e+11],,38.64857256
79,30.30751447,20.30751447, [ 2.44235802e+01],, [ 4.70711216e+11],,38.6610168
80,30.66420399,20.66420399, [ 2.42891366e+01],, [ 4.66062282e+11],,38.66805256
81,30.53581175,20.53581175, [ 2.41364229e+01],, [ 4.61018722e+11],,38.66580472
82,30.39731607,20.39731607, [ 2.39739314e+01],, [ 4.55289768e+11],,38.65851976
83,30.72171613,20.72171613, [ 2.38093227e+01],, [ 4.49194008e+11],,38.65002834
84,30.57612811,20.57612811, [ 2.36404072e+01],, [ 4.43018825e+11],,38.63923585
85,30.44270078,20.44270078, [ 2.34839659e+01],, [ 4.36682074e+11],,38.63453314
86,30.32037407,20.32037407, [ 2.33389160e+01],, [ 4.30813284e+11],,38.63537904
87,30.66653854,20.66653854, [ 2.31968208e+01],, [ 4.25371831e+11],,38.6375556
88,30.56205118,20.56205118, [ 2.30701487e+01],, [ 4.20041225e+11],,38.64729729
89,30.42894138,20.42894138, [ 2.29151649e+01],, [ 4.15289209e+11],,38.6427369
90,30.75525868,20.75525868, [ 2.27552369e+01],, [ 4.09475092e+11],,38.63555859
91,30.59854123,20.59854123, [ 2.25773224e+01],, [ 4.03475501e+11],,38.61924147
92,30.42857344,20.42857344, [ 2.23865399e+01],, [ 3.96801158e+11],,38.59634505
93,30.73306476,20.73306476, [ 2.22058158e+01],, [ 3.89644081e+11],,38.57833287
94,30.59757895,20.59757895, [ 2.20501893e+01],, [ 3.82864339e+11],,38.57272478
95,30.46377123,20.46377123, [ 2.18965489e+01],, [ 3.77026116e+11],,38.56796527
96,30.34586523,20.34586523, [ 2.17590856e+01],, [ 3.71262396e+11],,38.57115024
97,30.6991061,20.6991061, [ 2.16275993e+01],, [ 3.66105553e+11],,38.5771799
98,30.57442812,20.57442812, [ 2.14839155e+01],, [ 3.61172934e+11],,38.57696722
99,30.42806188,20.42806188, [ 2.13188742e+01],, [ 3.55782732e+11],,38.56593253
100,30.26553925,20.26553925, [ 2.11380388e+01],, [ 3.49591317e+11],,38.54685787
101,30.57775607,20.57775607, [ 2.09624040e+01],, [ 3.42807401e+11],,38.53024078
102,30.41216802,20.41216802, [ 2.07792223e+01],, [ 3.36218578e+11],,38.50970786
103,30.24171643,20.24171643, [ 2.05915532e+01],, [ 3.29346640e+11],,38.48678909
104,30.10767187,20.10767187, [ 2.04405936e+01],, [ 3.22306358e+11],,38.48208328
105,29.99170675,19.99170675, [ 2.03079792e+01],, [ 3.16643211e+11],,38.48640851
106,29.88600077,19.88600077, [ 2.01858687e+01],, [ 3.11668272e+11],,38.49584441
107,30.27070435,20.27070435, [ 2.00780345e+01],, [ 3.07087377e+11],,38.51227747
108,30.18756055,20.18756055, [ 1.99789009e+01],, [ 3.03042049e+11],,38.53292016
109,30.10699837,20.10699837, [ 1.98825421e+01],, [ 2.99323119e+11],,38.55480979
110,30.02922301,20.02922301, [ 1.97891572e+01],, [ 2.95708281e+11],,38.57804626
111,29.95309127,19.95309127, [ 1.96975994e+01],, [ 2.92205009e+11],,38.60205642
112,29.87927511,19.87927511, [ 1.96085357e+01],, [ 2.88770280e+11],,38.62717405
113,30.25534931,20.25534931, [ 1.94921784e+01],, [ 2.85429114e+11],,38.63850561
114,30.14755566,20.14755566, [ 1.93696160e+01],, [ 2.81064050e+11],,38.64659556
115,30.51016763,20.51016763, [ 1.92469057e+01],, [ 2.76466203e+11],,38.65447284
116,30.38251953,20.38251953, [ 1.91050191e+01],, [ 2.71862809e+11],,38.65262349
117,30.2699994,20.2699994, [ 1.89785140e+01],, [ 2.66540028e+11],,38.6583267
118,30.16368594,20.16368594, [ 1.88584561e+01],, [ 2.61794273e+11],,38.66711562
119,30.06573617,20.06573617, [ 1.87469853e+01],, [ 2.57290383e+11],,38.68006045
120,29.96981325,19.96981325, [ 1.86377603e+01],, [ 2.53108631e+11],,38.69399079
121,29.8617929,19.8617929, [ 1.85166805e+01],, [ 2.49011127e+11],,38.70185665
122,29.74181626,19.74181626, [ 1.83839104e+01],, [ 2.44468898e+11],,38.70374059
123,29.59759285,19.59759285, [ 1.82272076e+01],, [ 2.39488119e+11],,38.69352162
124,29.46298623,19.46298623, [ 1.80804158e+01],, [ 2.33609519e+11],,38.68812187
125,29.33236072,19.33236072, [ 1.79378907e+01],, [ 2.28102722e+11],,38.68471949
126,29.21991602,19.21991602, [ 1.78137951e+01],, [ 2.22755989e+11],,38.69039615
127,29.11166735,19.11166735, [ 1.76941354e+01],, [ 2.18100626e+11],,38.69815527
128,28.99157716,18.99157716, [ 1.75628971e+01],, [ 2.13611670e+11],,38.69998995
129,28.87826908,18.87826908, [ 1.74386898e+01],, [ 2.08688354e+11],,38.70520523
130,28.76465401,18.76465401, [ 1.73144246e+01],, [ 2.04028802e+11],,38.7102569
131,28.65645037,18.65645037, [ 1.71958085e+01],, [ 1.99367076e+11],,38.71799876
132,28.55103475,18.55103475, [ 1.70802121e+01],, [ 1.94917273e+11],,38.72711637
133,28.45273217,18.45273217, [ 1.69719457e+01],, [ 1.90580751e+11],,38.73976514
134,28.36446731,18.36446731, [ 1.68739135e+01],, [ 1.86519210e+11],,38.75739745
135,28.26509291,18.26509291, [ 1.67649900e+01],, [ 1.82841597e+11],,38.76945082
136,28.16466331,18.16466331, [ 1.66552313e+01],, [ 1.78755406e+11],,38.78095355
137,28.08088973,18.08088973, [ 1.65623148e+01],, [ 1.74637881e+11],,38.80074461
138,28.00292903,18.00292903, [ 1.64753854e+01],, [ 1.71152181e+11],,38.82339674
139,27.92896689,17.92896689, [ 1.63926204e+01],, [ 1.67891082e+11],,38.84799883
140,27.84809407,17.84809407, [ 1.63031241e+01],, [ 1.64786209e+11],,38.86910329
141,27.77225877,17.77225877, [ 1.62188342e+01],, [ 1.61428815e+11],,38.89267927
142,27.7049579,17.7049579, [ 1.61432303e+01],, [ 1.58266737e+11],,38.92046677
143,27.6403753,17.6403753, [ 1.60704904e+01],, [ 1.55430506e+11],,38.94955512
144,27.58474523,17.58474523, [ 1.60068306e+01],, [ 1.52701717e+11],,38.9830526
145,27.51960908,17.51960908, [ 1.59338110e+01],, [ 1.50313563e+11],,39.01173955
146,27.43769608,17.43769608, [ 1.58441942e+01],, [ 1.47574284e+11],,39.03199748
147,27.34983878,17.34983878, [ 1.57488243e+01],, [ 1.44212370e+11],,39.04924869
148,27.26112014,17.26112014, [ 1.56527854e+01],, [ 1.40634629e+11],,39.06603558
149,27.21158075,17.21158075, [ 1.55960395e+01],, [ 1.37031796e+11],,39.10233936
150,27.16056726,17.16056726, [ 1.55379360e+01],, [ 1.34903012e+11],,39.13783494
151,27.11792475,17.11792475, [ 1.54883029e+01],, [ 1.32723297e+11],,39.17743666
152,27.06998438,17.06998438, [ 1.54334818e+01],, [ 1.30861345e+11],,39.21431553
153,26.99640709,16.99640709, [ 1.53531847e+01],, [ 1.28804768e+11],,39.23832783
154,26.92622977,16.92622977, [ 1.52764414e+01],, [ 1.25792476e+11],,39.26398869
155,26.8497294,16.8497294, [ 1.51935411e+01],, [ 1.22913501e+11],,39.28644302
156,26.76574494,16.76574494, [ 1.51033375e+01],, [ 1.19803554e+11],,39.30511788
157,26.68106377,16.68106377, [ 1.50126191e+01],, [ 1.16419627e+11],,39.32340774
158,26.59388493,16.59388493, [ 1.49195893e+01],, [ 1.13016384e+11],,39.34041468
159,26.50995845,16.50995845, [ 1.48299915e+01],, [ 1.09526437e+11],,39.35901054
160,26.40392359,16.40392359, [ 1.47185088e+01],, [ 1.06165235e+11],,39.36653712
161,26.30225104,16.30225104, [ 1.46116025e+01],, [ 1.01983034e+11],,39.37622544
162,26.20685207,16.20685207, [ 1.45111712e+01],, [ 9.79725184e+10],,39.38902489
163,26.11627041,16.11627041, [ 1.44157483e+01],, [ 9.42049025e+10],,39.40420259
164,26.04036738,16.04036738, [ 1.43351656e+01],, [ 9.06251787e+10],,39.42667458
165,25.96042202,15.96042202, [ 1.42507098e+01],, [ 8.76021722e+10],,39.44708449
166,25.89056994,15.89056994, [ 1.41764960e+01],, [ 8.44338693e+10],,39.47249013
167,25.83203869,15.83203869, [ 1.41137288e+01],, [ 8.16497886e+10],,39.50349405
168,25.76755586,15.76755586, [ 1.40451475e+01],, [ 7.92951200e+10],,39.53146612
169,25.70685583,15.70685583, [ 1.39804786e+01],, [ 7.67223375e+10],,39.56126987
170,25.63409933,15.63409933, [ 1.39039066e+01],, [ 7.42963261e+10],,39.58499783
171,25.56855035,15.56855035, [ 1.38346809e+01],, [ 7.14237810e+10],,39.61227489
172,25.51805553,15.51805553, [ 1.37806177e+01],, [ 6.88268255e+10],,39.64700943
173,25.47191856,15.47191856, [ 1.37310118e+01],, [ 6.67986811e+10],,39.68384905
174,25.44318256,15.44318256, [ 1.36988713e+01],, [ 6.49377477e+10],,39.72929809
175,25.41364847,15.41364847, [ 1.36659985e+01],, [ 6.37320165e+10],,39.77425798
176,25.37368532,15.37368532, [ 1.36227833e+01],, [ 6.24988170e+10],,39.81392385
177,25.32462568,15.32462568, [ 1.35705762e+01],, [ 6.08776269e+10],,39.84897124
178,25.28435716,15.28435716, [ 1.35272471e+01],, [ 5.89191129e+10],,39.8883353
179,25.28170336,15.28170336, [ 1.35215441e+01],, [ 5.72936495e+10],,39.94639038
180,25.24446254,15.24446254, [ 1.34813346e+01],, [ 5.70797058e+10],,39.98707043
181,25.19751816,15.19751816, [ 1.34315215e+01],, [ 5.55712762e+10],,40.02282703
182,25.14268658,15.14268658, [ 1.33739365e+01],, [ 5.37025687e+10],,40.05457642
183,25.09792639,15.09792639, [ 1.33265180e+01],, [ 5.15423076e+10],,40.09128793
184,25.0672341,15.0672341, [ 1.32932340e+01],, [ 4.97634327e+10],,40.1349459
185,25.04553206,15.04553206, [ 1.32689889e+01],, [ 4.85148081e+10],,40.18300268
186,25.01302867,15.01302867, [ 1.32340126e+01],, [ 4.76052691e+10],,40.22557348
187,24.97202614,14.97202614, [ 1.31906240e+01],, [ 4.62931543e+10],,40.26381806
188,25.54664192,15.54664192, [ 1.31559505e+01],, [ 4.46654619e+10],,40.30630028
189,25.52619337,15.52619337, [ 1.31332309e+01],, [ 4.33647078e+10],,40.35463986
190,25.51079532,15.51079532, [ 1.31155972e+01],, [ 4.25123991e+10],,40.40540295
191,25.49328323,15.49328323, [ 1.30958890e+01],, [ 4.18508820e+10],,40.4550096
192,26.06202652,16.06202652, [ 1.30697142e+01],, [ 4.11115399e+10],,40.5012641
193,26.03267168,16.03267168, [ 1.30382787e+01],, [ 4.01296123e+10],,40.54476951
194,25.99479702,15.99479702, [ 1.29984032e+01],, [ 3.89503284e+10],,40.58393651
195,25.95162246,15.95162246, [ 1.29533182e+01],, [ 3.74544269e+10],,40.62038052
196,25.9338492,15.9338492, [ 1.29336738e+01],, [ 3.57630926e+10],,40.66942691
197,26.49246607,16.49246607, [ 1.29097197e+01],, [ 3.50261483e+10],,40.71620063
198,26.46219351,16.46219351, [ 1.28776882e+01],, [ 3.41275232e+10],,40.75881822
199,26.4232961,16.4232961, [ 1.28371132e+01],, [ 3.29258847e+10],,40.79704677
200,26.39795562,16.39795562, [ 1.28101492e+01],, [ 3.14037409e+10],,40.84196377
201,26.36714857,16.36714857, [ 1.27777835e+01],, [ 3.03922036e+10],,40.88406312
202,26.369555,16.369555, [ 1.27786295e+01],, [ 2.91780247e+10],,40.9426518
203,26.394333,16.394333, [ 1.28018007e+01],, [ 2.92097636e+10],,41.01228672
204,26.41248015,16.41248015, [ 1.28183079e+01],, [ 3.00790153e+10],,41.07847357
205,26.45473172,16.45473172, [ 1.28588384e+01],, [ 3.06982740e+10],,41.15655615
206,26.4479784,16.4479784, [ 1.28503809e+01],, [ 3.22187467e+10],,41.21002913
207,26.41029474,16.41029474, [ 1.28110718e+01],, [ 3.19014694e+10],,41.24796092
208,26.36949214,16.36949214, [ 1.27687287e+01],, [ 3.04268167e+10],,41.2842605
209,26.91357776,16.91357776, [ 1.27422746e+01],, [ 2.88383421e+10],,41.32838965
210,26.87967691,16.87967691, [ 1.27069570e+01],, [ 2.78459342e+10],,41.36797234
211,26.84626472,16.84626472, [ 1.26721977e+01],, [ 2.65210180e+10],,41.40771971
212,26.82044125,16.82044125, [ 1.26450815e+01],, [ 2.52170470e+10],,41.45117435
213,27.35855481,17.35855481, [ 1.26255259e+01],, [ 2.41998003e+10],,41.49829527
214,27.33158936,17.33158936, [ 1.25973633e+01],, [ 2.34661842e+10],,41.54099892
215,27.30680568,17.30680568, [ 1.25714345e+01],, [ 2.24096844e+10],,41.58470586
216,27.28224463,17.28224463, [ 1.25457797e+01],, [ 2.14369812e+10],,41.62843648
217,27.24809843,17.24809843, [ 1.25106102e+01],, [ 2.04745589e+10],,41.66729665
218,27.21054089,17.21054089, [ 1.24721066e+01],, [ 1.91551998e+10],,41.70437684
219,27.18392218,17.18392218, [ 1.24445969e+01],, [ 1.77107615e+10],,41.74684135
220,27.16759059,17.16759059, [ 1.24274088e+01],, [ 1.66787539e+10],,41.7943542
221,27.13444768,17.13444768, [ 1.23934773e+01],, [ 1.60339532e+10],,41.83338317
222,27.09515446,17.09515446, [ 1.23534757e+01],, [ 1.47610377e+10],,41.86926509
223,27.58357572,17.58357572, [ 1.22903778e+01],, [ 1.32604052e+10],,41.89348707
224,27.52496742,17.52496742, [ 1.22313060e+01],, [ 1.08933289e+10],,41.91961055
225,27.47292915,17.47292915, [ 1.21789092e+01],, [ 8.67728853e+09],,41.94896023
226,27.43270321,17.43270321, [ 1.21384059e+01],, [ 6.71165736e+09],,41.98414556
227,27.92161239,17.92161239, [ 1.20861989e+01],, [ 5.19220307e+09],,42.01336819
228,27.88345669,17.88345669, [ 1.20479471e+01],, [ 3.23369390e+09],,42.04945776
229,27.82937778,17.82937778, [ 1.19938805e+01],, [ 1.79870391e+09],,42.07752946
230,28.30113239,18.30113239, [ 1.19348459e+01],, [-2.30030182e+08],,42.10300702
231,28.23987192,18.23987192, [ 1.18738383e+01],, [-2.44956900e+09],,42.12738802
232,28.70821357,18.70821357, [ 1.18236199e+01],, [-4.74771474e+09],,42.15705388
233,28.67038189,18.67038189, [ 1.17862166e+01],, [-6.64488455e+09],,42.19301776
234,28.6485006,18.6485006, [ 1.17648067e+01],, [-8.06411452e+09],,42.23686896
235,28.6334655,18.6334655, [ 1.17502720e+01],, [-8.88497648e+09],,42.2840487
236,28.64349715,18.64349715, [ 1.17607831e+01],, [-9.44900816e+09],,42.34364239
237,28.65435973,18.65435973, [ 1.17721024e+01],, [-9.07267771e+09],,42.40353153
238,28.66324818,18.66324818, [ 1.17814288e+01],, [-8.66517528e+09],,42.4623158
239,28.63395539,18.63395539, [ 1.17526318e+01],, [-8.33173101e+09],,42.50193006
240,28.58283037,18.58283037, [ 1.17021037e+01],, [-9.43063054e+09],,42.53057081
241,29.0559793,19.0559793, [ 1.16663228e+01],, [-1.13485512e+10],,42.56647731
242,29.00199285,19.00199285, [ 1.16131117e+01],, [-1.27159344e+10],,42.59356111
243,28.9343051,18.9343051, [ 1.15463331e+01],, [-1.47411999e+10],,42.61375379
244,28.87169542,18.87169542, [ 1.14847560e+01],, [-1.72804606e+10],,42.63644005
245,28.82860196,18.82860196, [ 1.14427792e+01],, [-1.96292209e+10],,42.66881953
246,29.27894435,19.27894435, [ 1.13903895e+01],, [-2.12458429e+10],,42.69588584
247,29.20195734,19.20195734, [ 1.13147757e+01],, [-2.32570361e+10],,42.71123354
248,29.61580868,19.61580868, [ 1.12355091e+01],, [-2.61451521e+10],,42.72464857
249,29.5339346,19.5339346, [ 1.11553278e+01],, [-2.91762576e+10],,42.7375001
250,29.44380998,19.44380998, [ 1.10670728e+01],, [-3.22477087e+10],,42.74620891
251,29.84478326,19.84478326, [ 1.09820819e+01],, [-3.56286735e+10],,42.75644411
252,29.7719124,19.7719124, [ 1.09113926e+01],, [-3.88935764e+10],,42.77372466
253,29.72655405,19.72655405, [ 1.08683022e+01],, [-4.16272778e+10],,42.80469939
254,30.16959996,20.16959996, [ 1.08350169e+01],, [-4.33288660e+10],,42.84047166
255,30.57368412,20.57368412, [ 1.07741084e+01],, [-4.46651228e+10],,42.86232748
256,30.50667198,20.50667198, [ 1.07096821e+01],, [-4.70422254e+10],,42.88231976
257,30.46204277,20.46204277, [ 1.06677227e+01],, [-4.95561408e+10],,42.91344115
258,30.40900892,20.40900892, [ 1.06174595e+01],, [-5.12303755e+10],,42.94030637
259,30.32671147,20.32671147, [ 1.05380917e+01],, [-5.32199050e+10],,42.95251532
260,30.24182632,20.24182632, [ 1.04563002e+01],, [-5.63072387e+10],,42.9634086
261,30.17632195,20.17632195, [ 1.03940142e+01],, [-5.94916482e+10],,42.9839511
262,30.57452549,20.57452549, [ 1.03286952e+01],, [-6.19490007e+10],,43.0028737
263,30.5288269,20.5288269, [ 1.02864306e+01],, [-6.45250471e+10],,43.03322035
264,30.48132734,20.48132734, [ 1.02424532e+01],, [-6.62393992e+10],,43.06260762
265,30.87859301,20.87859301, [ 1.01849441e+01],, [-6.80213133e+10],,43.08512629
266,30.83090122,20.83090122, [ 1.01409778e+01],, [-7.03151841e+10],,43.11431383
267,30.78012172,20.78012172, [ 1.00940179e+01],, [-7.21043093e+10],,43.14190223
268,30.73031509,20.73031509, [ 1.00481228e+01],, [-7.40092683e+10],,43.16992091
269,30.65960369,20.65960369, [ 9.98145659e+00],, [-7.58777307e+10],,43.18745208
270,30.59409891,20.59409891, [ 9.92011991e+00],, [-7.85304215e+10],,43.20754629
271,30.53988496,20.53988496, [ 9.87017414e+00],, [-8.09877892e+10],,43.23323443
272,30.92491282,20.92491282, [ 9.80191670e+00],, [-8.30215893e+10],,43.24966541
273,30.85498409,20.85498409, [ 9.73652400e+00],, [-8.57474712e+10],,43.26742764
274,30.73061959,20.73061959, [ 9.61693518e+00],, [-8.83708004e+10],,43.2579909
275,30.61899041,20.61899041, [ 9.51029539e+00],, [-9.30362513e+10],,43.25492795
276,30.53060309,20.53060309, [ 9.42706425e+00],, [-9.72239450e+10],,43.26346882
277,30.43928093,20.43928093, [ 9.34107061e+00],, [-1.00539736e+11],,43.27052812
278,30.35747863,20.35747863, [ 9.26474978e+00],, [-1.03965626e+11],,43.28232371
279,30.27090931,20.27090931, [ 9.18382409e+00],, [-1.07034384e+11],,43.29171697
280,30.18152437,20.18152437, [ 9.10025028e+00],, [-1.10281974e+11],,43.29968645
281,30.07861373,20.07861373, [ 9.00334496e+00],, [-1.13635190e+11],,43.30089066
282,29.98902684,19.98902684, [ 8.91993055e+00],, [-1.17495814e+11],,43.30874102
283,30.39331535,20.39331535, [ 8.85713271e+00],, [-1.20856606e+11],,43.32680054
284,30.29207914,20.29207914, [ 8.76238472e+00],, [-1.23448703e+11],,43.32878608
285,30.19936682,20.19936682, [ 8.67633305e+00],, [-1.27246511e+11],,43.33502105
286,30.56403995,20.56403995, [ 8.57914275e+00],, [-1.30724551e+11],,43.33558819
287,30.45840697,20.45840697, [ 8.48056275e+00],, [-1.34627757e+11],,43.33536215
288,30.81832432,20.81832432, [ 8.38587380e+00],, [-1.38590508e+11],,43.33698351
289,30.70311267,20.70311267, [ 8.27812083e+00],, [-1.42414407e+11],,43.33197493
290,30.60127425,20.60127425, [ 8.18392985e+00],, [-1.46736494e+11],,43.3336496
291,30.48513799,20.48513799, [ 8.07565800e+00],, [-1.50556894e+11],,43.32818631
292,30.35967612,20.35967612, [ 7.95829574e+00],, [-1.54913668e+11],,43.31808046
293,30.7123524,20.7123524, [ 7.85417471e+00],, [-1.59620286e+11],,43.31449808
294,30.58601985,20.58601985, [ 7.73638648e+00],, [-1.63837996e+11],,43.30398513
295,30.4731538,20.4731538, [ 7.63227339e+00],, [-1.68577276e+11],,43.300213
296,30.3662872,20.3662872, [ 7.53435597e+00],, [-1.72811371e+11],,43.29944213
297,30.74467223,20.74467223, [ 7.45853666e+00],, [-1.76820400e+11],,43.30962395
298,30.65283667,20.65283667, [ 7.37596770e+00],, [-1.80006133e+11],,43.31633475
299,30.50427123,20.50427123, [ 7.23694746e+00],, [-1.83451282e+11],,43.29472393
300,30.81172502,20.81172502, [ 7.09154921e+00],, [-1.89024615e+11],,43.2698283
301,30.67127631,20.67127631, [ 6.96119830e+00],, [-1.94848145e+11],,43.25236073
302,30.53272305,20.53272305, [ 6.83299975e+00],, [-2.00116985e+11],,43.23587393
303,30.39891127,20.39891127, [ 6.70978960e+00],, [-2.05314717e+11],,43.2217861
304,30.78061209,20.78061209, [ 6.63945537e+00],, [-2.10334576e+11],,43.2340412
305,30.67029562,20.67029562, [ 6.54008063e+00],, [-2.13376118e+11],,43.2316812
306,30.53958373,20.53958373, [ 6.42055000e+00],, [-2.17514567e+11],,43.2191486
307,30.8605263,20.8605263, [ 6.30403927e+00],, [-2.22418135e+11],,43.20803148
308,30.73768417,20.73768417, [ 6.19283474e+00],, [-2.27217174e+11],,43.19947319
309,30.58501353,20.58501353, [ 6.05208377e+00],, [-2.31825514e+11],,43.17604759
310,30.89596874,20.89596874, [ 5.91439150e+00],, [-2.37552851e+11],,43.15405744
311,30.73577954,20.73577954, [ 5.76669390e+00],, [-2.43175794e+11],,43.12697091
312,30.5662996,20.5662996, [ 5.61001953e+00],, [-2.49185185e+11],,43.09530248
313,30.41700786,20.41700786, [ 5.47380633e+00],, [-2.55543111e+11],,43.07377129
314,30.73144698,20.73144698, [ 5.33622319e+00],, [-2.61143691e+11],,43.05146198
315,30.57407664,20.57407664, [ 5.19249514e+00],, [-2.66806006e+11],,43.02598725
316,30.4190308,20.4190308, [ 5.05137440e+00],, [-2.72709649e+11],,43.0017234
317,30.25633176,20.25633176, [ 4.90289801e+00],, [-2.78526090e+11],,42.97368913
318,30.57514583,20.57514583, [ 4.76635754e+00],, [-2.84629635e+11],,42.95153041
319,30.41387427,20.41387427, [ 4.61987580e+00],, [-2.90295678e+11],,42.92430883
320,30.2569277,20.2569277, [ 4.47800337e+00],, [-2.96345672e+11],,42.89929987
321,30.08967535,20.08967535, [ 4.32612952e+00],, [-3.02233418e+11],,42.86919834
322,29.916999,19.916999, [ 4.16914627e+00],, [-3.08507778e+11],,42.83645045
323,29.75642941,19.75642941, [ 4.02455953e+00],, [-3.14985615e+11],,42.80980932
324,30.07510665,20.07510665, [ 3.87631916e+00],, [-3.21009275e+11],,42.78125007
325,29.93904336,19.93904336, [ 3.75677536e+00],, [-3.27181144e+11],,42.76694799
326,29.80813925,19.80813925, [ 3.64261951e+00],, [-3.32285467e+11],,42.75524894
327,29.67795861,19.67795861, [ 3.52941398e+00],, [-3.37196247e+11],,42.74393429
328,29.56547335,19.56547335, [ 3.43409487e+00],, [-3.42079886e+11],,42.74147228
329,29.45662329,19.45662329, [ 3.34259432e+00],, [-3.46299695e+11],,42.74082915
330,29.82197079,19.82197079, [ 3.23520691e+00],, [-3.50383132e+11],,42.73215238
331,29.68530813,19.68530813, [ 3.11634716e+00],, [-3.55070627e+11],,42.7176494
332,29.98773361,19.98773361, [ 2.94980211e+00],, [-3.60197436e+11],,42.67921392
333,29.79519593,19.79519593, [ 2.77574991e+00],, [-3.67125646e+11],,42.63693519
334,29.60829231,19.60829231, [ 2.60766859e+00],, [-3.74348568e+11],,42.59755241
335,29.41381497,19.41381497, [ 2.43236487e+00],, [-3.81360133e+11],,42.5544691
336,29.23599607,19.23599607, [ 2.27403688e+00],, [-3.88655820e+11],,42.51978453
337,29.05728257,19.05728257, [ 2.11513274e+00],, [-3.95326576e+11],,42.48472293
338,28.90519347,18.90519347, [ 1.98311754e+00],, [-4.02030893e+11],,42.46301701
339,28.79461219,18.79461219, [ 1.89279119e+00],, [-4.07736414e+11],,42.46206692
340,28.66432894,18.66432894, [ 1.78298293e+00],, [-4.11884797e+11],,42.45128744
341,28.53348201,18.53348201, [ 1.67283172e+00],, [-4.16772285e+11],,42.44024824
342,28.37631889,18.37631889, [ 1.53663727e+00],, [-4.21680920e+11],,42.41609934
343,28.23409151,18.23409151, [ 1.41562107e+00],, [-4.27576789e+11],,42.39945168
344,28.06560756,18.06560756, [ 1.26864284e+00],, [-4.32912354e+11],,42.36973528
345,27.9098054,17.9098054, [ 1.13461500e+00],, [-4.39232917e+11],,42.34640653
346,27.75166049,17.75166049, [ 9.98517148e-01],, [-4.45077730e+11],,42.3219554
347,27.59118376,17.59118376, [ 8.60364343e-01],, [-4.51010431e+11],,42.2963896
348,27.43816274,17.43816274, [ 7.29928638e-01],, [-4.57030607e+11],,42.27459533
349,27.28430876,17.28430876, [ 5.98922508e-01],, [-4.62771088e+11],,42.252429
350,27.12322942,17.12322942, [ 4.60967478e-01],, [-4.68542817e+11],,42.22670154
351,26.97962891,16.97962891, [ 3.40732235e-01],, [-4.74585601e+11],,42.20974748
352,26.87083886,16.87083886, [ 2.55478304e-01],, [-4.79972678e+11],,42.21019775
353,26.72698003,16.72698003, [ 1.35396232e-01],, [-4.84053863e+11],,42.19314779
354,26.59152098,16.59152098, [ 2.39373091e-02],, [-4.89450631e+11],,42.18032343
355,26.44939296,16.44939296, [-9.39543319e-02],, [-4.94532286e+11],,42.1641969
356,26.30873418,16.30873418, [-2.10143886e-01],, [-4.99864124e+11],,42.14883577
357,26.17967848,16.17967848, [-3.14521184e-01],, [-5.05140844e+11],,42.1392953
358,26.00970501,16.00970501, [-4.59525668e-01],, [-5.09982282e+11],,42.10935594
359,25.86495482,15.86495482, [-5.79067308e-01],, [-5.16358723e+11],,42.09206288
360,25.71266011,15.71266011, [-7.05899294e-01],, [-5.21788929e+11],,42.07103969
361,25.57845861,15.57845861, [-8.14420586e-01],, [-5.27502163e+11],,42.05908706
362,25.42449311,15.42449311, [-9.42449316e-01],, [-5.32536642e+11],,42.0372961
363,25.2674111,15.2674111, [-1.07333227e+00],, [-5.38312555e+11],,42.01399358
364,25.12672433,15.12672433, [-1.18759099e+00],, [-5.44205381e+11],,41.99891889