,T_BTES_final6
1,39.92542875
2,39.8264986
3,39.72591835
4,39.61701374
5,39.51689194
6,39.43057486
7,39.35929247
8,39.27690053
9,39.18089771
10,39.08709248
11,39.00654267
12,38.93621024
13,38.87364415
14,38.7946457
15,38.72080481
16,38.64819937
17,38.55221806
18,38.4544964
19,38.36398632
20,38.26039823
21,38.16636489
22,38.07212513
23,37.96590413
24,37.8664255
25,37.7936546
26,37.72547311
27,37.64108555
28,37.53806724
29,37.44058626
30,37.33533104
31,37.22949266
32,37.12791763
33,37.02268329
34,36.91904472
35,36.8405177
36,36.76242359
37,36.69378142
38,36.62052753
39,36.55702953
40,36.48564981
41,36.4058111
42,36.32474363
43,36.24486903
44,36.17527284
45,36.09783975
46,36.0251236
47,35.96505275
48,35.90293762
49,35.83283674
50,35.75821257
51,35.69214755
52,35.63202236
53,35.563997
54,35.50111683
55,35.43228648
56,35.49977001
57,35.43419285
58,35.36613241
59,35.30090502
60,35.37629405
61,35.31839199
62,35.2591389
63,35.18107175
64,35.10969629
65,35.19681648
66,35.12361085
67,35.05173841
68,34.98361978
69,34.90776887
70,34.97872876
71,34.90633278
72,34.98364232
73,34.9226353
74,34.87016047
75,34.81368101
76,34.73546483
77,34.80960631
78,34.74520702
79,34.68941412
80,34.63990049
81,34.73568165
82,34.67148553
83,34.60223769
84,34.68334148
85,34.61054747
86,34.5438338
87,34.48267045
88,34.57574708
89,34.5235034
90,34.4569485
91,34.54150792
92,34.4631492
93,34.3781653
94,34.45295059
95,34.38520768
96,34.31830382
97,34.25935082
98,34.3594905
99,34.29715151
100,34.22396839
101,34.14270708
102,34.22239724
103,34.13960321
104,34.05437742
105,33.98735514
106,33.92937258
107,33.87651959
108,33.99210716
109,33.95053526
110,33.91025417
111,33.87136649
112,33.83330062
113,33.79639254
114,33.90852659
115,33.85462977
116,33.96266659
117,33.89884254
118,33.84258248
119,33.78942574
120,33.74045086
121,33.6924894
122,33.63847923
123,33.5784909
124,33.5063792
125,33.43907589
126,33.37376313
127,33.31754078
128,33.26341645
129,33.20337135
130,33.14671731
131,33.08990978
132,33.03580796
133,32.98310015
134,32.93394886
135,32.88981643
136,32.84012923
137,32.78991443
138,32.74802764
139,32.70904729
140,32.67206622
141,32.63162981
142,32.59371216
143,32.56006172
144,32.52777042
145,32.49995539
146,32.46738732
147,32.42643081
148,32.38250217
149,32.33814284
150,32.31337315
151,32.2878664
152,32.26654515
153,32.24257497
154,32.20578632
155,32.17069766
156,32.13244747
157,32.09045524
158,32.04811466
159,32.00452524
160,31.962562
161,31.90954457
162,31.85870829
163,31.81100881
164,31.76571798
165,31.72776647
166,31.68779378
167,31.65286774
168,31.62360212
169,31.5913607
170,31.56101069
171,31.52463244
172,31.49185795
173,31.46661054
174,31.44354205
175,31.42917405
176,31.41440701
177,31.39442544
178,31.36989561
179,31.34976136
180,31.34843445
181,31.32981405
182,31.30634185
183,31.27892606
184,31.25654597
185,31.24119983
186,31.2303488
187,31.21409711
188,31.19359584
189,31.37714623
190,31.36692196
191,31.35922293
192,31.35046689
193,31.5358869
194,31.52120948
195,31.50227215
196,31.48068487
197,31.47179824
198,31.65638998
199,31.6412537
200,31.62180499
201,31.60913475
202,31.59373123
203,31.59493444
204,31.60732344
205,31.61639702
206,31.6375228
207,31.63414614
208,31.61530431
209,31.59490301
210,31.7763239
211,31.75937348
212,31.74266738
213,31.72975565
214,31.91244869
215,31.89896596
216,31.88657412
217,31.8742936
218,31.8572205
219,31.83844173
220,31.82513237
221,31.81696658
222,31.80039512
223,31.78074851
224,31.9411132
225,31.91180905
226,31.88578991
227,31.86567695
228,32.02983721
229,32.01075936
230,31.9837199
231,32.1427902
232,32.11215996
233,32.27344306
234,32.25452722
235,32.42984219
236,32.42232464
237,32.42734047
238,32.43277176
239,32.43721598
240,32.42256959
241,32.39700708
242,32.56119336
243,32.53420013
244,32.50035625
245,32.46905141
246,32.44750468
247,32.60264319
248,32.56414968
249,32.70422214
250,32.6632851
251,32.61822279
252,32.75437889
253,32.71794346
254,32.69526428
255,32.85608633
256,33.00039545
257,32.96688938
258,32.94457478
259,32.91805785
260,32.87690912
261,32.83446655
262,32.80171436
263,32.94406856
264,32.92121926
265,32.89746948
266,33.04214585
267,33.01829996
268,32.9929102
269,32.96800689
270,32.93265119
271,32.8998988
272,32.87279182
273,33.01229386
274,32.9773295
275,32.91514725
276,32.85933266
277,32.815139
278,32.76947792
279,32.72857677
280,32.68529211
281,32.64059964
282,32.58914432
283,32.54435088
284,32.6906004
285,32.6399823
286,32.59362614
287,32.72196483
288,32.66914834
289,32.79748639
290,32.73988057
291,32.68896136
292,32.63089323
293,32.5681623
294,32.69287132
295,32.62970505
296,32.57327202
297,32.51983872
298,32.65858946
299,32.61267168
300,32.53838896
301,32.64253182
302,32.57230747
303,32.50303084
304,32.43612495
305,32.57810769
306,32.52294945
307,32.45759351
308,32.57625957
309,32.5148385
310,32.43850318
311,32.54686272
312,32.46676812
313,32.38202815
314,32.30738227
315,32.4171191
316,32.33843393
317,32.26091101
318,32.17956149
319,32.29113914
320,32.21050336
321,32.13203007
322,32.0484039
323,31.96206573
324,31.88178093
325,31.99090242
326,31.92287077
327,31.85741872
328,31.7923284
329,31.73608577
330,31.68166074
331,31.81320022
332,31.74486889
333,31.84641038
334,31.75014154
335,31.65668973
336,31.55945106
337,31.47054161
338,31.38118486
339,31.30514031
340,31.24984967
341,31.18470805
342,31.11928458
343,31.04070302
344,30.96958933
345,30.88534735
346,30.80744628
347,30.72837382
348,30.64813546
349,30.57162495
350,30.49469796
351,30.41415829
352,30.34235803
353,30.28796301
354,30.21603359
355,30.14830407
356,30.07724006
357,30.00691067
358,29.94238282
359,29.85739608
360,29.78502098
361,29.70887363
362,29.64177288
363,29.56479013
364,29.48624912
365,29.41590574
366,30
367,30
368,30
369,30
370,30
371,30
372,30
373,30
374,30
375,30
376,30
377,30
378,30
379,30
380,30
381,30
382,30
383,30
384,30
385,30
386,30
387,30
388,30
389,30
390,30
391,30
392,30
393,30
394,30
395,30
396,30
397,30
398,30
399,30
400,30
401,30
402,30
403,30
404,30
405,30
406,30
407,30
408,30
409,30
410,30
411,30
412,30
413,30
414,30
415,30
416,30
417,30
418,30
419,30
420,30
421,30
422,30
423,30
424,30
425,30
426,30
427,30
428,30
429,30
430,30
431,30
432,30
433,30
434,30
435,30
436,30
437,30
438,30
439,30
440,30
441,30
442,30
443,30
444,30
445,30
446,30
447,30
448,30
449,30
450,30
451,30
452,30
453,30
454,30
455,30
456,30
457,30
458,30
459,30
460,30
461,30
462,30
463,30
464,30
465,30
466,30
467,30
468,30
469,30
470,30
471,30
472,30
473,30
474,30
475,30
476,30
477,30
478,30
479,30
480,30
481,30
482,30
483,30
484,30
485,30
486,30
487,30
488,30
489,30
490,30
491,30
492,30
493,30
494,30
495,30
496,30
497,30
498,30
499,30
500,30
501,30
502,30
503,30
504,30
505,30
506,30
507,30
508,30
509,30
510,30
511,30
512,30
513,30
514,30
515,30
516,30
517,30
518,30
519,30
520,30
521,30
522,30
523,30
524,30
525,30
526,30
527,30
528,30
529,30
530,30
531,30
532,30
533,30
534,30
535,30
536,30
537,30
538,30
539,30
540,30
541,30
542,30
543,30
544,30
545,30
546,30
547,30
548,30
549,30
550,30
551,30
552,30
553,30
554,30
555,30
556,30
557,30
558,30
559,30
560,30
561,30
562,30
563,30
564,30
565,30
566,30
567,30
568,30
569,30
570,30
571,30
572,30
573,30
574,30
575,30
576,30
577,30
578,30
579,30
580,30
581,30
582,30
583,30
584,30
585,30
586,30
587,30
588,30
589,30
590,30
591,30
592,30
593,30
594,30
595,30
596,30
597,30
598,30
599,30
600,30
601,30
602,30
603,30
604,30
605,30
606,30
607,30
608,30
609,30
610,30
611,30
612,30
613,30
614,30
615,30
616,30
617,30
618,30
619,30
620,30
621,30
622,30
623,30
624,30
625,30
626,30
627,30
628,30
629,30
630,30
631,30
632,30
633,30
634,30
635,30
636,30
637,30
638,30
639,30
640,30
641,30
642,30
643,30
644,30
645,30
646,30
647,30
648,30
649,30
650,30
651,30
652,30
653,30
654,30
655,30
656,30
657,30
658,30
659,30
660,30
661,30
662,30
663,30
664,30
665,30
666,30
667,30
668,30
669,30
670,30
671,30
672,30
673,30
674,30
675,30
676,30
677,30
678,30
679,30
680,30
681,30
682,30
683,30
684,30
685,30
686,30
687,30
688,30
689,30
690,30
691,30
692,30
693,30
694,30
695,30
696,30
697,30
698,30
699,30
700,30
701,30
702,30
703,30
704,30
705,30
706,30
707,30
708,30
709,30
710,30
711,30
712,30
713,30
714,30
715,30
716,30
717,30
718,30
719,30
720,30
721,30
722,30
723,30
724,30
725,30
726,30
727,30
728,30
729,30
730,29.93162638
731,29.85281459
732,29.77344405
733,29.6906184
734,29.61177129
735,29.53907491
736,29.47305094
737,29.40233602
738,29.32585365
739,29.25047828
740,29.18100823
741,29.1161128
742,29.05471876
743,28.98631372
744,28.92028455
745,28.85492378
746,28.77954556
747,28.70356257
748,28.6308623
749,28.55262988
750,28.47870193
751,28.40483222
752,28.32590883
753,28.25007035
754,28.18597819
755,28.1240066
756,28.05512341
757,27.97828983
758,27.90401383
759,27.82651135
760,27.74891071
761,27.67331613
762,27.59628411
763,27.52009893
764,27.4549678
765,27.39015486
766,27.32957493
767,27.26711407
768,27.20901345
769,27.14760735
770,27.08265176
771,27.01729263
772,26.95258208
773,26.89246313
774,26.82906217
775,26.76783579
776,26.71222156
777,26.65583107
778,26.59608652
779,26.53449775
780,26.47674795
781,26.4216923
782,26.36331707
783,26.30729226
784,26.24879636
785,26.18908042
786,26.13223324
787,26.0744217
788,26.01795569
789,25.96137796
790,25.90831818
791,25.854778
792,25.79317716
793,25.73460457
794,25.68244939
795,25.62330373
796,25.56485514
797,25.50815309
798,25.44820763
799,25.38819606
800,25.3299904
801,25.27308546
802,25.22005432
803,25.17083331
804,25.11997222
805,25.05977628
806,25.00089905
807,24.94693959
808,24.89682434
809,24.84953534
810,24.79999905
811,24.74652958
812,24.69097396
813,24.6349983
814,24.57812624
815,24.52400758
816,24.47240672
817,24.42148863
818,24.3739651
819,24.32032369
820,24.2656468
821,24.20709764
822,24.14578938
823,24.08670847
824,24.03312582
825,23.9800146
826,23.9304613
827,23.88224732
828,23.8314196
829,23.77598578
830,23.71715583
831,23.65949599
832,23.60023363
833,23.54003409
834,23.48785764
835,23.43970995
836,23.39388546
837,23.3512046
838,23.31045459
839,23.27034645
840,23.23092345
841,23.19193606
842,23.15352929
843,23.10922424
844,23.06360756
845,23.01799664
846,22.96825272
847,22.92189203
848,22.87697131
849,22.8339559
850,22.79146648
851,22.74643611
852,22.69890051
853,22.64619686
854,22.59568608
855,22.54614048
856,22.50064039
857,22.45614211
858,22.40916245
859,22.36374891
860,22.31835955
861,22.27423561
862,22.2308051
863,22.18900544
864,22.14946822
865,22.10759857
866,22.06558363
867,22.02726815
868,21.99029107
869,21.9542559
870,21.91679273
871,21.88049795
872,21.84612829
873,21.81241741
874,21.78071724
875,21.74701703
876,21.70974254
877,21.67125232
878,21.6326521
879,21.60263353
880,21.57235502
881,21.54395411
882,21.51446003
883,21.47946005
884,21.44526809
885,21.409772
886,21.37272237
887,21.33559561
888,21.29800094
889,21.26118744
890,21.21964861
891,21.17913976
892,21.1400737
893,21.10213145
894,21.06745129
895,21.03196305
896,20.99873668
897,20.96803412
898,20.93610109
899,20.90505303
900,20.87145004
901,20.83947875
902,20.81083913
903,20.78320273
904,20.75939875
905,20.73546914
906,20.7093236
907,20.68125582
908,20.65515242
909,20.63726607
910,20.61190786
911,20.58449406
912,20.55542305
913,20.52859634
914,20.50487692
915,20.48315641
916,20.45913475
917,20.43331627
918,20.40942607
919,20.38816855
920,20.36804984
921,20.34751247
922,20.32560116
923,20.30257805
924,20.27775163
925,20.25182444
926,20.23146284
927,20.21019602
928,20.18720452
929,20.16238684
930,20.14056154
931,20.11759328
932,20.10188045
933,20.09105512
934,20.07881213
935,20.07182584
936,20.05421628
937,20.02992804
938,20.00501137
939,19.98358197
940,19.96025612
941,19.93708299
942,19.91560346
943,19.89579951
944,19.87415466
945,19.85302668
946,19.83198928
947,19.80891336
948,19.7851431
949,19.76379483
950,19.74472222
951,19.72203861
952,19.69806535
953,19.66909918
954,19.64103917
955,19.61446141
956,19.59050084
957,19.56402503
958,19.54061472
959,19.51379485
960,19.48592459
961,19.45765523
962,19.43176254
963,19.40868708
964,19.38912005
965,19.37107821
966,19.35851357
967,19.34615443
968,19.3333915
969,19.31236627
970,19.28664409
971,19.26415886
972,19.23791198
973,19.20874351
974,19.18073565
975,19.1570201
976,19.13106892
977,19.10009559
978,19.06835685
979,19.03644814
980,19.00281234
981,18.96991538
982,18.94015783
983,18.91643181
984,18.89486711
985,18.86732301
986,18.83904237
987,18.81567685
988,18.7905337
989,18.75908874
990,18.72714497
991,18.69947197
992,18.67116753
993,18.64790563
994,18.62429933
995,18.59777796
996,18.57423019
997,18.55005928
998,18.52614788
999,18.49774662
1000,18.47053233
1001,18.44582331
1002,18.4171592
1003,18.3891458
1004,18.34937233
1005,18.3124428
1006,18.28063212
1007,18.24824801
1008,18.2179951
1009,18.18676794
1010,18.15499206
1011,18.12034378
1012,18.08865691
1013,18.06148124
1014,18.02738344
1015,17.99520407
1016,17.96062898
1017,17.9257785
1018,17.89180114
1019,17.85500912
1020,17.82119355
1021,17.78434204
1022,17.74553998
1023,17.70964443
1024,17.67080277
1025,17.63496189
1026,17.60049497
1027,17.57086073
1028,17.53978472
1029,17.49645679
1030,17.45176783
1031,17.4103778
1032,17.36948198
1033,17.32969716
1034,17.30143883
1035,17.26689011
1036,17.22798335
1037,17.18975924
1038,17.15271499
1039,17.10927011
1040,17.06651616
1041,17.02161166
1042,16.97478027
1043,16.9324247
1044,16.88979662
1045,16.84585744
1046,16.8025107
1047,16.75758941
1048,16.71528944
1049,16.67085245
1050,16.62744313
1051,16.58188362
1052,16.53523786
1053,16.49131334
1054,16.44661912
1055,16.40819131
1056,16.37096022
1057,16.33396064
1058,16.30087611
1059,16.26864682
1060,16.23298679
1061,16.19485613
1062,16.14637849
1063,16.09629254
1064,16.04752972
1065,15.99722043
1066,15.95062773
1067,15.90393403
1068,15.86311294
1069,15.83138339
1070,15.79544069
1071,15.75944752
1072,15.71781401
1073,15.6795058
1074,15.63557482
1075,15.59448448
1076,15.55296778
1077,15.51102796
1078,15.4707904
1079,15.43045251
1080,15.38862691
1081,15.35067901
1082,15.32036315
1083,15.2824957
1084,15.24652729
1085,15.20918322
1086,15.17223275
1087,15.13787481
1088,15.09470377
1089,15.05709416
1090,15.01792212
1091,14.98275583
1092,14.9433698
1093,14.90338605
1094,14.86704111
1095,14.85315958
1096,14.83479814
1097,14.81613045
1098,14.79591775
1099,14.77733514
1100,14.76131469
1101,14.74808468
1102,14.73279274
1103,14.71497462
1104,14.69756436
1105,14.68261432
1106,14.66956062
1107,14.65794835
1108,14.64328624
1109,14.62958137
1110,14.6161058
1111,14.59829167
1112,14.58015453
1113,14.56335586
1114,14.54412991
1115,14.52667732
1116,14.50918642
1117,14.48947181
1118,14.47100857
1119,14.45750229
1120,14.44484781
1121,14.42918548
1122,14.41006528
1123,14.39197281
1124,14.37243744
1125,14.35279384
1126,14.33394151
1127,14.31441002
1128,14.2951747
1129,14.28060009
1130,14.26610582
1131,14.25336583
1132,14.23976991
1133,14.22798468
1134,14.21473661
1135,14.19991854
1136,14.18487242
1137,14.17004769
1138,14.15713064
1139,14.14275906
1140,14.12926294
1141,14.11811379
1142,14.10658522
1143,14.0935745
1144,14.07972425
1145,14.06746258
1146,14.05630335
1147,14.04367784
1148,14.03200728
1149,14.01923237
1150,14.00588585
1151,13.99371473
1152,13.98108271
1153,13.9689765
1154,13.95677426
1155,14.04758883
1156,14.13815265
1157,14.22522457
1158,14.31353848
1159,14.40454588
1160,14.49252011
1161,14.58074178
1162,14.66966015
1163,14.75714341
1164,14.84454715
1165,14.93267165
1166,15.02130247
1167,15.11154075
1168,15.20336262
1169,15.29444122
1170,15.38148549
1171,15.46904206
1172,15.55865074
1173,15.64985677
1174,15.74222824
1175,15.8335985
1176,15.92324489
1177,16.01195368
1178,16.10043539
1179,16.18848602
1180,16.27766515
1181,16.36787442
1182,16.45833148
1183,16.55019624
1184,16.63940484
1185,16.6265637
1186,16.61202032
1187,16.59624731
1188,16.58137411
1189,16.56880102
1190,16.55638367
1191,16.54544199
1192,16.53503053
1193,16.52346041
1194,16.50987763
1195,16.49479553
1196,16.48016337
1197,16.4647968
1198,16.44897889
1199,16.43653956
1200,16.42577799
1201,16.41596848
1202,16.40746375
1203,16.39974801
1204,16.39227184
1205,16.38505428
1206,16.37798926
1207,16.37113912
1208,16.3617345
1209,16.35173125
1210,16.34169146
1211,16.32984571
1212,16.31940385
1213,16.30953796
1214,16.30044822
1215,16.29154657
1216,16.28152228
1217,16.27038845
1218,16.25700452
1219,16.24451302
1220,16.23239098
1221,16.22195611
1222,16.21191063
1223,16.20076626
1224,16.19025127
1225,16.17970779
1226,16.1696665
1227,16.15988393
1228,16.15076145
1229,16.14257047
1230,16.13334852
1231,16.12402866
1232,16.11625447
1233,16.10901972
1234,16.10215603
1235,16.09465103
1236,16.08761352
1237,16.08136799
1238,16.07537473
1239,16.07021226
1240,16.06416762
1241,16.0565661
1242,16.04841294
1243,16.04017985
1244,16.0355826
1245,16.03084854
1246,16.02689132
1247,16.02244245
1248,16.01561448
1249,16.00910202
1250,16.00200279
1251,15.99420903
1252,15.98635062
1253,15.97826042
1254,15.97047205
1255,15.96063201
1256,15.9511968
1257,15.94234377
1258,15.9339378
1259,15.926894
1260,15.91947507
1261,15.91299279
1262,15.90756109
1263,15.90157709
1264,15.89594412
1265,15.88919232
1266,15.88310937
1267,15.87842346
1268,15.87414194
1269,15.87147524
1270,15.86873448
1271,15.8650259
1272,15.86047317
1273,15.85673625
1274,15.85648997
1275,15.85303403
1276,15.84867759
1277,15.84358922
1278,15.83943547
1279,15.83658723
1280,15.83457328
1281,15.83155696
1282,15.82775193
1283,15.8247492
1284,15.82285157
1285,15.82142263
1286,15.81979751
1287,15.81756743
1288,15.8148433
1289,15.81132854
1290,15.80732194
1291,15.80567258
1292,15.80361881
1293,15.80080952
1294,15.79719984
1295,15.79484824
1296,15.79198935
1297,15.79221267
1298,15.79451206
1299,15.79619612
1300,15.80011707
1301,15.79949036
1302,15.79599331
1303,15.79220683
1304,15.78988993
1305,15.78674393
1306,15.78364328
1307,15.78124687
1308,15.77954843
1309,15.77704604
1310,15.77474611
1311,15.77246685
1312,15.76929808
1313,15.76581274
1314,15.76334253
1315,15.76182695
1316,15.75875129
1317,15.75510488
1318,15.7493034
1319,15.74386455
1320,15.73903539
1321,15.73530243
1322,15.73047365
1323,15.7269328
1324,15.72191428
1325,15.71642376
1326,15.71073879
1327,15.70604572
1328,15.70253494
1329,15.70050435
1330,15.6991091
1331,15.70004003
1332,15.70104808
1333,15.70187293
1334,15.69915456
1335,15.79597135
1336,15.89415001
1337,15.99070126
1338,16.08598103
1339,16.18173204
1340,16.27929416
1341,16.37588022
1342,16.47029702
1343,16.5643601
1344,16.65832338
1345,16.751521
1346,16.84500573
1347,16.93980451
1348,17.03715644
1349,17.13541211
1350,17.23109301
1351,17.32643548
1352,17.42385508
1353,17.52049473
1354,17.61441871
1355,17.70810256
1356,17.80358495
1357,17.89877372
1358,17.99609408
1359,18.09324731
1360,18.18913411
1361,18.2862695
1362,18.38311835
1363,18.48005749
1364,18.57505666
1365,18.67053901
1366,18.76706915
1367,18.86188727
1368,18.95695907
1369,19.04697924
1370,19.13818124
1371,19.23154009
1372,19.32462658
1373,19.41859652
1374,19.51212408
1375,19.60539035
1376,19.69740143
1377,19.79064896
1378,19.88579803
1379,19.9779645
1380,20.07092198
1381,20.16282773
1382,20.25458618
1383,20.34668811
1384,20.43755766
1385,20.52966825
1386,20.620452
1387,20.71037033
1388,20.80149808
1389,20.89133561
1390,20.98242283
1391,21.0740668
1392,21.16774738
1393,21.26078623
1394,21.34856055
1395,21.43571595
1396,21.5242435
1397,21.61294694
1398,21.7020904
1399,21.79612767
1400,21.88745149
1401,21.97688262
1402,22.06657232
1403,22.15673377
1404,22.24412712
1405,22.33177872
1406,22.41847435
1407,22.5043078
1408,22.59201472
1409,22.67956892
1410,22.76652614
1411,22.85369908
1412,22.9401618
1413,23.02770678
1414,23.11430197
1415,23.20129852
1416,23.28733869
1417,23.37287552
1418,23.45953585
1419,23.54582956
1420,23.63476408
1421,23.72417737
1422,23.8136578
1423,23.90478036
1424,23.99624026
1425,23.98464471
1426,23.97196241
1427,23.95482395
1428,23.93695645
1429,23.91961179
1430,23.9015643
1431,23.8850627
1432,23.86847809
1433,23.85436422
1434,23.84410228
1435,23.83201199
1436,23.8198694
1437,23.80528466
1438,23.79208596
1439,23.77645065
1440,23.76199221
1441,23.74731636
1442,23.73242412
1443,23.71822377
1444,23.70394612
1445,23.68899796
1446,23.67567183
1447,23.66557612
1448,23.65222602
1449,23.63965542
1450,23.62646594
1451,23.6134128
1452,23.60143643
1453,23.58566289
1454,23.57223008
1455,23.55809713
1456,23.54564323
1457,23.53135523
1458,23.51677802
1459,23.50372229
1460,23.48988186
1461,23.47152043
1462,23.45285273
1463,23.43264004
1464,23.41405743
1465,23.39803698
1466,23.38480697
1467,23.36951502
1468,23.3516969
1469,23.33428665
1470,23.31933661
1471,23.30628291
1472,23.29467064
1473,23.28000853
1474,23.26630366
1475,23.25282809
1476,23.23501396
1477,23.21687682
1478,23.20007815
1479,23.1808522
1480,23.16339961
1481,23.14590871
1482,23.12619409
1483,23.10773086
1484,23.09422458
1485,23.0815701
1486,23.06590777
1487,23.04678757
1488,23.0286951
1489,23.00915973
1490,22.98951612
1491,22.9706638
1492,22.95113231
1493,22.93189699
1494,22.91732237
1495,22.90282811
1496,22.89008812
1497,22.8764922
1498,22.86470697
1499,22.85145889
1500,22.83664083
1501,22.8215947
1502,22.80676998
1503,22.79385293
1504,22.77948134
1505,22.76598523
1506,22.75483608
1507,22.74330751
1508,22.73029679
1509,22.71644654
1510,22.70418487
1511,22.69302564
1512,22.68040013
1513,22.66872957
1514,22.65595466
1515,22.64260813
1516,22.63043701
1517,22.61780499
1518,22.60569879
1519,22.59349655
1520,22.68431111
1521,22.77487493
1522,22.86194686
1523,22.95026077
1524,23.04126817
1525,23.1292424
1526,23.21746406
1527,23.30638243
1528,23.3938657
1529,23.48126944
1530,23.56939394
1531,23.65802475
1532,23.74826304
1533,23.8400849
1534,23.93116351
1535,24.01820778
1536,24.10576435
1537,24.19537303
1538,24.28657906
1539,24.37895052
1540,24.47032078
1541,24.55996717
1542,24.64867597
1543,24.73715768
1544,24.8252083
1545,24.91438744
1546,25.00459671
1547,25.09505376
1548,25.18691853
1549,25.27612713
1550,25.26328598
1551,25.2487426
1552,25.23296959
1553,25.2180964
1554,25.20552331
1555,25.19310596
1556,25.18216428
1557,25.17175282
1558,25.1601827
1559,25.14659991
1560,25.13151781
1561,25.11688566
1562,25.10151909
1563,25.08570118
1564,25.07326185
1565,25.06250028
1566,25.05269077
1567,25.04418604
1568,25.03647029
1569,25.02899412
1570,25.02177657
1571,25.01471155
1572,25.00786141
1573,24.99845679
1574,24.98845354
1575,24.97841374
1576,24.966568
1577,24.95612613
1578,24.94626024
1579,24.93717051
1580,24.92826886
1581,24.91824457
1582,24.90711074
1583,24.89372681
1584,24.88123531
1585,24.86911326
1586,24.8586784
1587,24.84863292
1588,24.83748855
1589,24.82697356
1590,24.81643008
1591,24.80638878
1592,24.79660621
1593,24.78748373
1594,24.77929276
1595,24.77007081
1596,24.76075094
1597,24.75297676
1598,24.745742
1599,24.73887832
1600,24.73137332
1601,24.7243358
1602,24.71809028
1603,24.71209702
1604,24.70693455
1605,24.70088991
1606,24.69328838
1607,24.68513523
1608,24.67690214
1609,24.67230488
1610,24.66757083
1611,24.66361361
1612,24.65916474
1613,24.65233677
1614,24.64582431
1615,24.63872508
1616,24.63093132
1617,24.62307291
1618,24.61498271
1619,24.60719433
1620,24.5973543
1621,24.58791909
1622,24.57906606
1623,24.57066008
1624,24.56361628
1625,24.55619735
1626,24.54971508
1627,24.54428338
1628,24.53829937
1629,24.53266641
1630,24.52591461
1631,24.51983166
1632,24.51514574
1633,24.51086423
1634,24.50819753
1635,24.50545677
1636,24.50174819
1637,24.49719545
1638,24.49345853
1639,24.49321226
1640,24.48975631
1641,24.48539987
1642,24.4803115
1643,24.47615776
1644,24.47330951
1645,24.47129556
1646,24.46827925
1647,24.46447421
1648,24.46147149
1649,24.45957386
1650,24.45814492
1651,24.4565198
1652,24.45428972
1653,24.45156559
1654,24.44805082
1655,24.44404422
1656,24.44239487
1657,24.4403411
1658,24.43753181
1659,24.43392213
1660,24.43157053
1661,24.42871164
1662,24.42893495
1663,24.43123435
1664,24.43291841
1665,24.43683935
1666,24.43621264
1667,24.4327156
1668,24.42892912
1669,24.42661222
1670,24.42346622
1671,24.42036557
1672,24.41796915
1673,24.41627072
1674,24.41376833
1675,24.4114684
1676,24.40918914
1677,24.40602037
1678,24.40253503
1679,24.40006481
1680,24.39854924
1681,24.39547358
1682,24.39182717
1683,24.38602568
1684,24.38058683
1685,24.37575768
1686,24.37202471
1687,24.36719594
1688,24.36365509
1689,24.35863657
1690,24.35314605
1691,24.34746107
1692,24.342768
1693,24.33925723
1694,24.33722664
1695,24.33583138
1696,24.33676232
1697,24.33777037
1698,24.33859522
1699,24.33587685
1700,24.43269364
1701,24.5308723
1702,24.62742355
1703,24.72270332
1704,24.81845433
1705,24.91601645
1706,25.01260251
1707,25.1070193
1708,25.20108239
1709,25.29504566
1710,25.38824329
1711,25.48172802
1712,25.5765268
1713,25.67387873
1714,25.7721344
1715,25.8678153
1716,25.96315776
1717,26.06057736
1718,26.15721701
1719,26.251141
1720,26.34482485
1721,26.44030723
1722,26.535496
1723,26.63281637
1724,26.7299696
1725,26.82585639
1726,26.92299179
1727,27.01984064
1728,27.11677978
1729,27.21177895
1730,27.3072613
1731,27.40379143
1732,27.49860955
1733,27.59368136
1734,27.68370152
1735,27.77490353
1736,27.86826237
1737,27.96134887
1738,28.05531881
1739,28.14884636
1740,28.24211263
1741,28.33412372
1742,28.42737125
1743,28.52252031
1744,28.61468678
1745,28.70764427
1746,28.79955002
1747,28.89130847
1748,28.9834104
1749,29.07427995
1750,29.16639054
1751,29.25717428
1752,29.34709261
1753,29.43822037
1754,29.5280579
1755,29.61914512
1756,29.71078909
1757,29.80446966
1758,29.89750851
1759,29.98528283
1760,30.07243823
1761,30.16096578
1762,30.24966923
1763,30.33881269
1764,30.43284995
1765,30.52417378
1766,30.6136049
1767,30.70329461
1768,30.79345605
1769,30.88084941
1770,30.968501
1771,30
1772,30
1773,30
1774,30
1775,30
1776,30
1777,30
1778,30
1779,30
1780,30
1781,30
1782,30
1783,30
1784,30
1785,30
1786,30
1787,30
1788,30
1789,30
1790,30
1791,30
1792,30
1793,30
1794,30
1795,30
1796,30
1797,30
1798,30
1799,30
1800,30
1801,30
1802,30
1803,30
1804,30
1805,30
1806,30
1807,30
1808,30
1809,30
1810,30
1811,30
1812,30
1813,30
1814,30
1815,30
1816,30
1817,30
1818,30
1819,30
1820,30
1821,30
1822,30
1823,30
1824,30
1825,30
1826,30
1827,30
1828,30
1829,30
1830,30
1831,30
1832,30
1833,30
1834,30
1835,30
1836,30
1837,30
1838,30
1839,30
1840,30
1841,30
1842,30
1843,30
1844,30
1845,30
1846,30
1847,30
1848,30
1849,30
1850,30
1851,30
1852,30
1853,30
1854,30
1855,30
1856,30
1857,30
1858,30
1859,30
1860,30
1861,30
1862,30
1863,30
1864,30
1865,30
1866,30
1867,30
1868,30
1869,30
1870,30
1871,30
1872,30
1873,30
1874,30
1875,30
1876,30
1877,30
1878,30
1879,30
1880,30
1881,30
1882,30
1883,30
1884,30
1885,30
1886,30
1887,30
1888,30
1889,30
1890,30
1891,30
1892,30
1893,30
1894,30
1895,30
1896,30
1897,30
1898,30
1899,30
1900,30
1901,30
1902,30
1903,30
1904,30
1905,30
1906,30
1907,30
1908,30
1909,30
1910,30
1911,30
1912,30
1913,30
1914,30
1915,30
1916,30
1917,30
1918,30
1919,30
1920,30
1921,30
1922,30
1923,30
1924,30
1925,30
1926,30
1927,30
1928,30
1929,30
1930,30
1931,30
1932,30
1933,30
1934,30
1935,30
1936,30
1937,30
1938,30
1939,30
1940,30
1941,30
1942,30
1943,30
1944,30
1945,30
1946,30
1947,30
1948,30
1949,30
1950,30
1951,30
1952,30
1953,30
1954,30
1955,30
1956,30
1957,30
1958,30
1959,30
1960,30
1961,30
1962,30
1963,30
1964,30
1965,30
1966,30
1967,30
1968,30
1969,30
1970,30
1971,30
1972,30
1973,30
1974,30
1975,30
1976,30
1977,30
1978,30
1979,30
1980,30
1981,30
1982,30
1983,30
1984,30
1985,30
1986,30
1987,30
1988,30
1989,30
1990,30
1991,30
1992,30
1993,30
1994,30
1995,30
1996,30
1997,30
1998,30
1999,30
2000,30
2001,30
2002,30
2003,30
2004,30
2005,30
2006,30
2007,30
2008,30
2009,30
2010,30
2011,30
2012,30
2013,30
2014,30
2015,30
2016,30
2017,30
2018,30
2019,30
2020,30
2021,30
2022,30
2023,30
2024,30
2025,30
2026,30
2027,30
2028,30
2029,30
2030,30
2031,30
2032,30
2033,30
2034,30
2035,30
2036,30
2037,30
2038,30
2039,30
2040,30
2041,30
2042,30
2043,30
2044,30
2045,30
2046,30
2047,30
2048,30
2049,30
2050,30
2051,30
2052,30
2053,30
2054,30
2055,30
2056,30
2057,30
2058,30
2059,30
2060,30
2061,30
2062,30
2063,30
2064,30
2065,30
2066,30
2067,30
2068,30
2069,30
2070,30
2071,30
2072,30
2073,30
2074,30
2075,30
2076,30
2077,30
2078,30
2079,30
2080,30
2081,30
2082,30
2083,30
2084,30
2085,30
2086,30
2087,30
2088,30
2089,30
2090,30
2091,30
2092,30
2093,30
2094,30
2095,30
2096,30
2097,30
2098,30
2099,30
2100,30
2101,30
2102,30
2103,30
2104,30
2105,30
2106,30
2107,30
2108,30
2109,30
2110,30
2111,30
2112,30
2113,30
2114,30
2115,30
2116,30
2117,30
2118,30
2119,30
2120,30
2121,30
2122,30
2123,30
2124,30
2125,30
2126,30
2127,30
2128,30
2129,30
2130,30
2131,30
2132,30
2133,30
2134,30
2135,30
2136,30
2137,30
2138,30
2139,30
2140,30
2141,30
2142,30
2143,30
2144,30
2145,30
2146,30
2147,30
2148,30
2149,30
2150,30
2151,30
2152,30
2153,30
2154,30
2155,30
2156,30
2157,30
2158,30
2159,30
2160,30
2161,30
2162,30
2163,30
2164,30
2165,30
2166,30
2167,30
2168,30
2169,30
2170,30
2171,30
2172,30
2173,30
2174,30
2175,30
2176,30
2177,30
2178,30
2179,30
2180,30
2181,30
2182,30
2183,30
2184,30
2185,30
2186,30
2187,30
2188,30
2189,30
2190,30
2191,30
2192,30
2193,30
2194,30
2195,30
2196,30
2197,30
2198,30
2199,30
2200,30
2201,30
2202,30
2203,30
2204,30
2205,30
2206,30
2207,30
2208,30
2209,30
2210,30
2211,30
2212,30
2213,30
2214,30
2215,30
2216,30
2217,30
2218,30
2219,30
2220,30
2221,30
2222,30
2223,30
2224,30
2225,30
2226,30
2227,30
2228,30
2229,30
2230,30
2231,30
2232,30
2233,30
2234,30
2235,30
2236,30
2237,30
2238,30
2239,30
2240,30
2241,30
2242,30
2243,30
2244,30
2245,30
2246,30
2247,30
2248,30
2249,30
2250,30
2251,30
2252,30
2253,30
2254,30
2255,30
2256,30
2257,30
2258,30
2259,30
2260,30
2261,30
2262,30
2263,30
2264,30
2265,30
2266,30
2267,30
2268,30
2269,30
2270,30
2271,30
2272,30
2273,30
2274,30
2275,30
2276,30
2277,30
2278,30
2279,30
2280,30
2281,30
2282,30
2283,30
2284,30
2285,30
2286,30
2287,30
2288,30
2289,30
2290,30
2291,30
2292,30
2293,30
2294,30
2295,30
2296,30
2297,30
2298,30
2299,30
2300,30
2301,30
2302,30
2303,30
2304,30
2305,30
2306,30
2307,30
2308,30
2309,30
2310,30
2311,30
2312,30
2313,30
2314,30
2315,30
2316,30
2317,30
2318,30
2319,30
2320,30
2321,30
2322,30
2323,30
2324,30
2325,30
2326,30
2327,30
2328,30
2329,30
2330,30
2331,30
2332,30
2333,30
2334,30
2335,30
2336,30
2337,30
2338,30
2339,30
2340,30
2341,30
2342,30
2343,30
2344,30
2345,30
2346,30
2347,30
2348,30
2349,30
2350,30
2351,30
2352,30
2353,30
2354,30
2355,30
2356,30
2357,30
2358,30
2359,30
2360,30
2361,30
2362,30
2363,30
2364,30
2365,30
2366,30
2367,30
2368,30
2369,30
2370,30
2371,30
2372,30
2373,30
2374,30
2375,30
2376,30
2377,30
2378,30
2379,30
2380,30
2381,30
2382,30
2383,30
2384,30
2385,30
2386,30
2387,30
2388,30
2389,30
2390,30
2391,30
2392,30
2393,30
2394,30
2395,30
2396,30
2397,30
2398,30
2399,30
2400,30
2401,30
2402,30
2403,30
2404,30
2405,30
2406,30
2407,30
2408,30
2409,30
2410,30
2411,30
2412,30
2413,30
2414,30
2415,30
2416,30
2417,30
2418,30
2419,30
2420,30
2421,30
2422,30
2423,30
2424,30
2425,30
2426,30
2427,30
2428,30
2429,30
2430,30
2431,30
2432,30
2433,30
2434,30
2435,30
2436,30
2437,30
2438,30
2439,30
2440,30
2441,30
2442,30
2443,30
2444,30
2445,30
2446,30
2447,30
2448,30
2449,30
2450,30
2451,30
2452,30
2453,30
2454,30
2455,30
2456,30
2457,30
2458,30
2459,30
2460,30
2461,30
2462,30
2463,30
2464,30
2465,30
2466,30
2467,30
2468,30
2469,30
2470,30
2471,30
2472,30
2473,30
2474,30
2475,30
2476,30
2477,30
2478,30
2479,30
2480,30
2481,30
2482,30
2483,30
2484,30
2485,30
2486,30
2487,30
2488,30
2489,30
2490,30
2491,30
2492,30
2493,30
2494,30
2495,30
2496,30
2497,30
2498,30
2499,30
2500,30
2501,30
2502,30
2503,30
2504,30
2505,30
2506,30
2507,30
2508,30
2509,30
2510,30
2511,30
2512,30
2513,30
2514,30
2515,30
2516,30
2517,30
2518,30
2519,30
2520,30
2521,30
2522,30
2523,30
2524,30
2525,30
2526,30
2527,30
2528,30
2529,30
2530,30
2531,30
2532,30
2533,30
2534,30
2535,30
2536,30
2537,30
2538,30
2539,30
2540,30
2541,30
2542,30
2543,30
2544,30
2545,30
2546,30
2547,30
2548,30
2549,30
2550,30
2551,30
2552,30
2553,30
2554,30
2555,30