datetime,heat loss,,,COP_day_wrong,,COP_wk_wrong,,COP_day,COP_wk,T_out_BTES,,heat loss,temp_BTES with elec without CT,,finalfinal 5.5sized,,"Final, 30 steady state",,
2019/1/1,-3245089133,3245089133,,5.13514338,A,5.220283596,A,4.36941856,4.266034257,39.90655921,,0,39.95018709,,39.97288318,,3.45326642,A,3.422128313
2019/1/2,-4305105700,4305105700,,5.25698834,A,5.220283596,A,4.24175904,4.266034257,39.76411632,,0,39.87616362,,39.93690858,,3.40843893,A,3.422128313
2019/1/3,-4376912904,4376912904,,5.26550252,A,5.220283596,A,4.23333036,4.266034257,39.61808172,,0,39.8006414,,39.90033394,,3.40546142,A,3.422128313
2019/1/4,-4739160747,4739160747,,5.30897878,A,5.220283596,A,4.19121993,4.266034257,39.45507305,,0,39.71696252,,39.86073227,,3.39055223,A,3.422128313
2019/1/5,-4356962537,4356962537,,5.26313359,A,5.220283596,A,4.2356694,4.266034257,39.30933911,,0,39.64221623,,39.82432434,,3.40628793,A,3.422128313
2019/1/6,-3756227952,3756227952,,5.19301393,A,5.220283596,A,4.30709401,4.266034257,39.19097835,,0,39.58139655,,39.79293631,,3.43144418,A,3.422128313
2019/1/7,-3101968852,3101968852,,5.11922463,A,5.220283596,A,4.3871328,4.266034257,39.1025104,,0,39.53570313,,39.76701544,,3.45944708,A,3.422128313
2019/1/8,-3585418926,3585418926,,5.17349577,B,5.165665869,B,4.32775963,4.337548679,38.99160197,,0,39.47901376,,39.73705474,,3.43869328,B,3.442069866
2019/1/9,-4177718062,4177718062,,5.24196734,B,5.165665869,B,4.2567787,4.337548679,38.85319554,,0,39.40885413,,39.70214462,,3.41373928,B,3.442069866
2019/1/10,-4082086890,4082086890,,5.2307604,B,5.165665869,B,4.2681108,4.337548679,38.71891624,,0,39.34102799,,39.66803363,,3.41773366,B,3.442069866
2019/1/11,-3505255686,3505255686,,5.16439812,B,5.165665869,B,4.33751391,4.337548679,38.61093226,,0,39.28656642,,39.63874279,,3.44211031,B,3.442069866
2019/1/12,-3060629856,3060629856,,5.11464943,B,5.165665869,B,4.39227117,4.337548679,38.52320793,,0,39.24241072,,39.61316736,,3.46123811,B,3.442069866
2019/1/13,-2722664813,2722664813,,5.07762285,B,5.165665869,B,4.43465024,4.337548679,38.4508719,,0,39.20609414,,39.59041606,,3.475979,B,3.442069866
2019/1/14,-3437745620,3437745620,,5.15676717,B,5.165665869,B,4.3457563,4.337548679,38.34546076,,0,39.1534507,,39.56168935,,3.44499542,B,3.442069866
2019/1/15,-3213306195,3213306195,,5.13159766,A,5.210991564,A,4.37334232,4.289762321,38.25017453,,0,39.10605979,,39.53483811,,3.45463628,A,3.425302137
2019/1/16,-3159543441,3159543441,,5.12561368,A,5.210991564,A,4.37999266,4.289762321,38.15717358,,0,39.05999664,,39.50843614,,3.45695698,A,3.425302137
2019/1/17,-4176782750,4176782750,,5.24185744,A,5.210991564,A,4.2568893,4.289762321,38.01714137,,0,38.99069649,,39.47353384,,3.41377828,A,3.425302137
2019/1/18,-4252516497,4252516497,,5.25077437,A,5.210991564,A,4.24794916,4.289762321,37.87334145,,0,38.91979808,,39.43799869,,3.41062424,A,3.425302137
2019/1/19,-3938693075,3938693075,,5.21406671,A,5.210991564,A,4.28519453,4.289762321,37.74370593,,0,38.85623861,,39.40508593,,3.42374786,A,3.425302137
2019/1/20,-4507803548,4507803548,,5.28111015,A,5.210991564,A,4.21803604,4.289762321,37.58760282,,0,38.77975443,,39.36741754,,3.40005289,A,3.425302137
2019/1/21,-4092013543,4092013543,,5.23192094,A,5.210991564,A,4.26693224,4.289762321,37.4503352,,0,38.71295884,,39.3332236,,3.41731843,A,3.425302137
2019/1/22,-4100996062,4100996062,,5.23297165,B,5.211419361,B,4.26586623,4.290106304,37.31237939,,0,38.64609084,,39.29895459,,3.41694281,B,3.425393791
2019/1/23,-4622379186,4622379186,,5.29486641,B,5.211419361,B,4.20472129,4.290106304,37.15013727,,0,38.56739929,,39.26032877,,3.39533843,B,3.425393791
2019/1/24,-4328973787,4328973787,,5.2598146,B,5.211419361,B,4.23895441,4.290106304,37.00108237,,0,38.49559402,,39.22415473,,3.40744841,B,3.425393791
2019/1/25,-3166743574,3166743574,,5.12641408,B,5.211419361,B,4.37910107,4.290106304,36.90525166,,0,38.45058668,,39.19769258,,3.45664593,B,3.425393791
2019/1/26,-2967028134,2967028134,,5.10432751,B,5.211419361,B,4.40394202,4.290106304,36.81842646,,0,38.41024958,,39.17289931,,3.4653031,B,3.425393791
2019/1/27,-3672261701,3672261701,,5.18339644,B,5.211419361,B,4.31723274,4.290106304,36.69895064,,0,38.35381949,,39.14221293,,3.4350023,B,3.425393791
2019/1/28,-4483008974,4483008974,,5.27814484,B,5.211419361,B,4.22092637,4.290106304,36.54189984,,0,38.27890877,,39.10475172,,3.40107556,B,3.425393791
2019/1/29,-4242042775,4242042775,,5.24953896,A,5.261198681,A,4.24918374,4.238492046,36.39563177,,0,38.20967414,,39.0693041,,3.41105994,A,3.407250954
2019/1/30,-4580351942,4580351942,,5.28981025,A,5.261198681,A,4.20959735,4.238492046,36.23349156,,0,38.13281927,,39.03102947,,3.39706558,A,3.407250954
2019/1/31,-4605728880,4605728880,,5.29286184,A,5.261198681,A,4.20665199,4.238492046,36.06985843,,0,38.05553612,,38.99254278,,3.3960224,A,3.407250954
2019/2/1,-4420201936,4420201936,,5.27065177,A,5.261198681,A,4.22826221,4.238492046,35.91444179,,0,37.98266238,,38.95560641,,3.40366998,A,3.407250954
2019/2/2,-4579443102,4579443102,,5.28970104,A,5.261198681,A,4.20970289,4.238492046,35.75138106,,0,37.90628238,,38.91733938,,3.39710296,A,3.407250954
2019/2/3,-4510000648,4510000648,,5.28137311,A,5.261198681,A,4.21778008,4.238492046,35.59119212,,0,37.83164771,,38.87965262,,3.39996231,A,3.407250954
2019/2/4,-3417230537,3417230537,,5.1544538,A,5.261198681,A,4.34826606,4.238492046,35.48100636,,0,37.78222365,,38.85109735,,3.44587351,A,3.407250954
2019/2/5,-3398391955,3398391955,,5.15233175,B,5.131027136,B,4.35057279,4.374386549,35.37146777,,0,37.73333048,,38.82269949,,3.44668039,B,3.454985106
2019/2/6,-2987075561,2987075561,,5.10653387,B,5.131027136,B,4.40143813,4.374386549,35.28065179,,0,37.69396812,,38.7977387,,3.46443134,B,3.454985106
2019/2/7,-3187761608,3187761608,,5.1287523,B,5.131027136,B,4.37650008,4.374386549,35.18041231,,0,37.65008201,,38.77110092,,3.45573838,B,3.454985106
2019/2/8,-2763218500,2763218500,,5.08203059,B,5.131027136,B,4.42952988,4.374386549,35.09952315,,0,37.61602004,,38.74801074,,3.47420087,B,3.454985106
2019/2/9,-3106204224,3106204224,,5.11969395,B,5.131027136,B,4.3866069,4.374386549,35.00267724,,0,37.57416024,,38.72205448,,3.45926373,B,3.454985106
2019/2/10,-3474310999,3474310999,,5.16089683,B,5.131027136,B,4.34128883,4.374386549,34.88868582,,0,37.52394208,,38.69302222,,3.44343192,B,3.454985106
2019/2/11,-3527782571,3527782571,,5.16695066,B,5.131027136,B,4.33476923,4.374386549,34.77200397,,0,37.47259806,,38.66354314,,3.44114911,B,3.454985106
2019/2/12,-3475872792,3475872792,,5.1610734,A,5.114617941,A,4.34109818,4.392845413,34.65747928,,0,37.42254721,,38.63449783,,3.44336518,A,3.461417651
2019/2/13,-3028591031,3028591031,,5.11111051,A,5.114617941,A,4.39626029,4.392845413,34.56332348,,0,37.38285432,,38.60919012,,3.462628,A,3.461417651
2019/2/14,-3369626719,3369626719,,5.1490957,A,5.114617941,A,4.35409886,4.392845413,34.45327421,,0,37.33541958,,38.58103264,,3.44791348,A,3.461417651
2019/2/15,-3164361177,3164361177,,5.12614921,A,5.114617941,A,4.37939605,4.392845413,34.35245759,,0,37.29278722,,38.5545904,,3.45674884,A,3.461417651
2019/2/16,-2614080462,2614080462,,5.06586767,A,5.114617941,A,4.4484079,4.392845413,34.27678053,,0,37.26286013,,38.53274646,,3.48075263,A,3.461417651
2019/2/17,-2703040922,2703040922,,5.07549337,A,5.114617941,A,4.43713144,4.392845413,34.19685536,,0,37.2309527,,38.51015913,,3.47684035,A,3.461417651
2019/2/18,-3050553200,3050553200,,5.11353573,A,5.114617941,A,4.39352517,4.392845413,34.10076692,,0,37.19113933,,38.48466791,,3.46167508,A,3.461417651
2019/2/19,-3247392117,3247392117,,5.13540054,B,5.101160279,B,4.36913447,4.407798641,33.9954216,,0,37.14689132,,38.45753184,,3.45316722,B,3.466635751
2019/2/20,-2874926439,2874926439,,5.09422142,B,5.101160279,B,4.41547526,4.407798641,33.90701815,,0,37.11127384,,38.4335082,,3.46931607,B,3.466635751
2019/2/21,-2616445211,2616445211,,5.06612295,B,5.101160279,B,4.44810754,4.407798641,33.8303413,,0,37.08165555,,38.41164449,,3.48064848,B,3.466635751
2019/2/22,-2960233891,2960233891,,5.10358029,B,5.101160279,B,4.40479114,4.407798641,33.73767916,,0,37.04421213,,38.386908,,3.46559868,B,3.466635751
2019/2/23,-2736332711,2736332711,,5.07910734,B,5.101160279,B,4.43292343,4.407798641,33.65514266,,0,37.01197849,,38.36404248,,3.47537943,B,3.466635751
2019/2/24,-2995263947,2995263947,,5.10743575,B,5.101160279,B,4.40041608,4.407798641,33.56051694,,0,36.97387105,,38.33901327,,3.46407544,B,3.466635751
2019/2/25,-3129287002,3129287002,,5.12225366,B,5.101160279,B,4.38374257,4.407798641,33.45953003,,0,36.93276617,,38.31286412,,3.45826494,B,3.466635751
2019/2/26,-2853696636,2853696636,,5.09189899,A,5.09264493,A,4.4181407,4.417727044,33.37103245,,0,36.89806383,,38.28901788,,3.47024293,A,3.470082259
2019/2/27,-2961760390,2961760390,,5.10374814,A,5.09264493,A,4.40460034,4.417727044,33.2773814,,0,36.86095258,,38.26426863,,3.46553227,A,3.470082259
2019/2/28,-2838475768,2838475768,,5.09023552,A,5.09264493,A,4.42005332,4.417727044,33.18922047,,0,36.82674294,,38.24054958,,3.47090787,A,3.470082259
2019/3/1,-2860993829,2860993829,,5.09269697,A,5.09264493,A,4.41722423,4.417727044,33.09984623,,0,36.79208529,,38.21664236,,3.46992426,A,3.470082259
2019/3/2,-2519702254,2519702254,,5.05570534,A,5.09264493,A,4.46042235,4.417727044,33.02601018,,0,36.76532405,,38.19558706,,3.48491671,A,3.470082259
2019/3/3,-2578494513,2578494513,,5.06202992,A,5.09264493,A,4.45293182,4.417727044,32.949319,,0,36.73726802,,38.17404048,,3.48232109,A,3.470082259
2019/3/4,-3397218404,3397218404,,5.15219963,A,5.09264493,A,4.35071655,4.417727044,32.83477109,,0,36.69049167,,38.14565243,,3.44673068,A,3.470082259
2019/3/5,-3106018927,3106018927,,5.11967342,B,5.115710739,B,4.38662991,4.391519786,32.73340421,,0,36.65048717,,38.11969772,,3.45927175,B,3.460959139
2019/3/6,-2474489657,2474489657,,5.05085497,B,5.115710739,B,4.46619675,4.391519786,32.66091738,,0,36.62504603,,38.09902023,,3.4869165,B,3.460959139
2019/3/7,-3185661569,3185661569,,5.12851855,B,5.115710739,B,4.37675985,4.391519786,32.55553514,,0,36.58334592,,38.0724,,3.45582903,B,3.460959139
2019/3/8,-3127645795,3127645795,,5.12207155,B,5.115710739,B,4.38394612,4.391519786,32.45261384,,0,36.54305973,,38.04626457,,3.45833593,B,3.460959139
2019/3/9,-2964292789,2964292789,,5.10402664,B,5.115710739,B,4.40428384,4.391519786,32.35700933,,0,36.50660042,,38.02149416,,3.46542209,B,3.460959139
2019/3/10,-3300775452,3300775452,,5.14137047,B,5.115710739,B,4.36255762,4.391519786,32.24571813,,0,36.4624972,,37.99391201,,3.45086999,B,3.460959139
2019/3/11,-3319419913,3319419913,,5.14345957,B,5.115710739,B,4.36026441,4.391519786,32.13334573,,0,36.41805461,,37.96617406,,3.45006868,B,3.460959139
2019/3/12,-3150428568,3150428568,,5.12460089,A,5.096895064,A,4.38112179,4.413411407,32.02853088,,0,36.37757651,,37.93984825,,3.45735086,A,3.468559863
2019/3/13,-3031714618,3031714618,,5.11145526,A,5.096895064,A,4.39587112,4.413411407,31.92897333,,0,36.33990192,,37.91451444,,3.46249242,A,3.468559863
2019/3/14,-2654819447,2654819447,,5.07027006,A,5.096895064,A,4.4432381,4.413411407,31.84657321,,0,36.31094631,,37.89233007,,3.47895949,A,3.468559863
2019/3/15,-2283527319,2283527319,,5.03049605,A,5.096895064,A,4.49072117,4.413411407,31.7811068,,0,36.29056374,,37.87324832,,3.49539854,A,3.468559863
2019/3/16,-2457795232,2457795232,,5.04906694,A,5.096895064,A,4.468332,4.413411407,31.70748418,,0,36.26622531,,37.85271033,,3.48765572,A,3.468559863
2019/3/17,-3403703817,3403703817,,5.15292988,A,5.096895064,A,4.34992217,4.413411407,31.59015393,,0,36.22024231,,37.82426809,,3.44645282,A,3.468559863
2019/3/18,-3283586901,3283586901,,5.13944637,A,5.096895064,A,4.3646735,4.413411407,31.47812057,,0,36.17710601,,37.79682957,,3.45160919,A,3.468559863
2019/3/19,-2802439810,2802439810,,5.08630258,B,5.071557237,B,4.42458691,4.442372089,31.38802062,,0,36.1450905,,37.77341164,,3.47248359,B,3.478634196
2019/3/20,-2427918212,2427918212,,5.04587095,B,5.071557237,B,4.47215749,4.442372089,31.31498771,,0,36.12172821,,37.75312332,,3.48897976,B,3.478634196
2019/3/21,-2154666124,2154666124,,5.01687312,B,5.071557237,B,4.50739495,4.442372089,31.25439236,,0,36.10467934,,37.73511836,,3.50115498,B,3.478634196
2019/3/22,-2389411621,2389411621,,5.04175927,B,5.071557237,B,4.47709582,4.442372089,31.18286547,,0,36.08228098,,37.71515181,,3.4906883,B,3.478634196
2019/3/23,-2793598471,2793598471,,5.0853388,B,5.071557237,B,4.42570038,4.442372089,31.09258217,,0,36.05065788,,37.69180776,,3.47287049,B,3.478634196
2019/3/24,-3013431929,3013431929,,5.1094382,B,5.071557237,B,4.3981498,4.442372089,30.99199467,,0,36.01405642,,37.66662673,,3.46328617,B,3.478634196
2019/3/25,-3066674085,3066674085,,5.11531774,B,5.071557237,B,4.39151927,4.442372089,30.88875412,,0,35.97630712,,37.6410008,,3.46097608,B,3.478634196
2019/3/26,-3167749475,3167749475,,5.12652592,A,5.084958151,A,4.37897653,4.42661937,30.78065243,,0,35.93631528,,37.61453025,,3.45660248,A,3.473171269
2019/3/27,-2903153429,2903153429,,5.09731341,A,5.084958151,A,4.41193536,4.42661937,30.68451955,,0,35.90247161,,37.59027073,,3.4680848,A,3.473171269
2019/3/28,-2661622513,2661622513,,5.07100615,A,5.084958151,A,4.44237575,4.42661937,30.59931723,,0,35.87423484,,37.56802951,,3.47866031,A,3.473171269
2019/3/29,-2603527326,2603527326,,5.06472881,A,5.084958151,A,4.4497487,4.42661937,30.51661987,,0,35.84738688,,37.54627375,,3.48121756,A,3.473171269
2019/3/30,-2273468311,2273468311,,5.02942931,A,5.084958151,A,4.4920191,4.42661937,30.44895678,,0,35.82816212,,37.52727605,,3.49584693,A,3.473171269
2019/3/31,-2896244478,2896244478,,5.09655617,A,5.084958151,A,4.41280137,4.42661937,30.35247868,,0,35.7946932,,37.50307427,,3.46838605,A,3.473171269
2019/4/1,-3010793645,3010793645,,5.10914729,A,5.084958151,A,4.39847878,4.42661937,30.25053247,,-3010793645,35.75866418,,37.47791528,,3.46340075,A,3.473171269
2019/4/2,-3409906872,3409906872,,5.15362858,B,5.115815323,B,4.34916258,4.392179389,30.13000266,,-3409906872,35.71355404,,37.4494212,,3.44618713,B,3.461159669
2019/4/3,-3698212178,3698212178,,5.18636409,B,5.115815323,B,4.31409515,4.392179389,29.99595493,,-3698212178,35.6619222,,37.41851797,,3.43390152,B,3.461159669
2019/4/4,-3487237707,3487237707,,5.16235873,B,5.115815323,B,4.33971126,4.392179389,29.87135477,,-3487237707,35.61523206,,37.38937769,,3.44287966,B,3.461159669
2019/4/5,-2947942488,2947942488,,5.10222919,B,5.115815323,B,4.40632794,4.392179389,29.7713407,,-2947942488,35.58100338,,37.36474391,,3.46613361,B,3.461159669
2019/4/6,-2911430052,2911430052,,5.09822091,B,5.115815323,B,4.41089829,4.392179389,29.67280804,,-2911430052,35.54768051,,37.34041523,,3.467724,B,3.461159669
2019/4/7,-2565435449,2565435449,,5.06062338,B,5.115815323,B,4.45459385,4.392179389,29.59001184,,-2565435449,35.52235926,,37.31897778,,3.48289716,B,3.461159669
2019/4/8,-2441118455,2441118455,,5.04728238,B,5.115815323,B,4.47046665,4.392179389,29.51277502,,-2441118455,35.4999397,,37.29857915,,3.4883946,B,3.461159669
2019/4/9,-2712782278,2712782278,,5.07655017,A,5.141526277,A,4.43589948,4.363121357,29.42287324,,-2712782278,35.4713347,,37.27591042,,3.4764127,A,3.451038967
2019/4/10,-3184682139,3184682139,,5.12840955,A,5.141526277,A,4.37688101,4.363121357,29.31106001,,-3184682139,35.43196448,,37.24929838,,3.45587131,A,3.451038967
2019/4/11,-3536218021,3536218021,,5.1679073,A,5.141526277,A,4.33374218,4.363121357,29.18283446,,-3536218021,35.38461095,,37.21974881,,3.44078938,A,3.451038967
2019/4/12,-3430721961,3430721961,,5.15597486,A,5.141526277,A,4.34661529,4.363121357,29.05921068,,-3430721961,35.33977156,,37.19108079,,3.44529598,A,3.451038967
2019/4/13,-3602916307,3602916307,,5.17548682,A,5.141526277,A,4.32563529,4.363121357,28.92740988,,-3602916307,35.29107277,,37.16097387,,3.4379487,A,3.451038967
2019/4/14,-3708738843,3708738843,,5.18756911,A,5.141526277,A,4.31282345,4.363121357,28.7904722,,-3708738843,35.24004448,,37.12998268,,3.43345528,A,3.451038967
2019/4/15,-2916583088,2916583088,,5.09878613,A,5.141526277,A,4.4102528,4.363121357,28.6897405,,-2916583088,35.20728536,,37.10561094,,3.46749942,A,3.451038967
2019/4/16,-2523205260,2523205260,,5.05608162,B,4.99684551,B,4.45997547,4.532919493,28.60692293,,-2523205260,35.18361339,,37.08452637,,3.4847619,B,3.509926676
2019/4/17,-2299983505,2299983505,,5.03224242,B,4.99684551,B,4.48859911,4.532919493,28.53421939,,-2299983505,35.16510808,,37.0653071,,3.49466532,B,3.509926676
2019/4/18,-1994057286,1994057286,,5.00002227,B,4.99684551,B,4.52831896,4.532919493,28.47545876,,-1994057286,35.15365582,,37.04864423,,3.50836692,B,3.509926676
2019/4/19,-1809068588,1809068588,,4.98078787,B,4.99684551,B,4.55261706,4.532919493,28.4250996,,-1809068588,35.14646895,,37.03352718,,3.51672533,B,3.509926676
2019/4/20,-1752896966,1752896966,,4.97498393,B,4.99684551,B,4.56003748,4.532919493,28.37722649,,-1752896966,35.14058468,,37.01887951,,3.51927439,B,3.509926676
2019/4/21,-1692260556,1692260556,,4.96873762,B,4.99684551,B,4.56807001,4.532919493,28.33205003,,-1692260556,35.1361028,,37.00473854,,3.52203186,B,3.509926676
2019/4/22,-1656498133,1656498133,,4.96506284,B,4.99684551,B,4.57281836,4.532919493,28.28843012,,-1656498133,35.13245005,,36.9908964,,3.52366101,B,3.509926676
2019/4/23,-1606114853,1606114853,,4.95989723,A,5.031772251,A,4.57952175,4.48985344,28.2470432,,-1606114853,35.12996009,,36.97747528,,3.52595977,A,3.495071703
2019/4/24,-2205049405,2205049405,,5.02218855,A,5.031772251,A,4.50086364,4.48985344,28.17799174,,-2205049405,35.11373928,,36.95904931,,3.49890111,A,3.495071703
2019/4/25,-2345407870,2345407870,,5.03707083,A,5.031772251,A,4.48275007,4.48985344,28.10233848,,-2345407870,35.09433197,,36.93945046,,3.49264364,A,3.495071703
2019/4/26,-2353975675,2353975675,,5.03798284,A,5.031772251,A,4.48164823,4.48985344,28.02613936,,-2353975675,35.07476697,,36.91978002,,3.49226268,A,3.495071703
2019/4/27,-2777406997,2777406997,,5.08357497,A,5.031772251,A,4.4277407,4.48985344,27.93028825,,-2777406997,35.04553024,,36.89657128,,3.47357936,A,3.495071703
2019/4/28,-2448247998,2448247998,,5.04804511,A,5.031772251,A,4.46955386,4.48985344,27.84940365,,-2448247998,35.02390083,,36.87611307,,3.48807866,A,3.495071703
2019/4/29,-2313201395,2313201395,,5.03364623,A,5.031772251,A,4.48689583,4.48985344,27.77457637,,-2313201395,35.00541181,,36.85678335,,3.4940767,A,3.495071703
2019/4/30,-2131221575,2131221575,,5.0144045,B,5.063035159,B,4.51043941,4.452651069,27.70797985,,-2131221575,34.99113325,,36.8389743,,3.50220514,B,3.482188719
2019/5/1,-2087120764,2087120764,,5.00976909,B,5.063035159,B,4.51617538,4.452651069,27.64328105,,-2087120764,34.97789464,,36.82153377,,3.50418296,B,3.482188719
2019/5/2,-2350340314,2350340314,,5.03759582,B,5.063035159,B,4.48211569,4.452651069,27.56633122,,-2350340314,34.9586459,,36.80189371,,3.49242431,B,3.482188719
2019/5/3,-2610489219,2610489219,,5.06548004,B,5.063035159,B,4.4488641,4.452651069,27.47724728,,-2610489219,34.93346945,,36.78007977,,3.48091083,B,3.482188719
2019/5/4,-3138057752,3138057752,,5.1232271,B,5.063035159,B,4.382655,4.452651069,27.36368993,,-3138057752,34.89624423,,36.75385733,,3.45788564,B,3.482188719
2019/5/5,-2928812724,2928812724,,5.10012818,B,5.063035159,B,4.40872149,4.452651069,27.25954147,,-2928812724,34.86389224,,36.7293834,,3.4669666,B,3.482188719
2019/5/6,-2842190542,2842190542,,5.09064138,B,5.063035159,B,4.41958641,4.452651069,27.15917379,,-2842190542,34.83359152,,36.70563331,,3.47074555,B,3.482188719
2019/5/7,-2446606791,2446606791,,5.04786951,A,5.045972786,A,4.46976395,4.472096223,27.07682255,,-2446606791,34.81242363,,36.68518882,,3.48815138,A,3.488956194
2019/5/8,-2355308052,2355308052,,5.03812471,A,5.045972786,A,4.48147693,4.472096223,26.99851104,,-2355308052,34.7933919,,36.66550724,,3.49220345,A,3.488956194
2019/5/9,-2612959853,2612959853,,5.06574671,A,5.045972786,A,4.44855024,4.472096223,26.90817768,,-2612959853,34.7684893,,36.64367266,,3.480802,A,3.488956194
2019/5/10,-2465392431,2465392431,,5.04988043,A,5.045972786,A,4.4673601,4.472096223,26.82445934,,-2465392431,34.74702079,,36.62307119,,3.48731926,A,3.488956194
2019/5/11,-2472071966,2472071966,,5.05059593,A,5.045972786,A,4.46650588,4.472096223,26.74026596,,-2472071966,34.72544203,,36.60241391,,3.48702352,A,3.488956194
2019/5/12,-2354328622,2354328622,,5.03802042,A,5.045972786,A,4.48160285,4.472096223,26.66132644,,-2354328622,34.70660672,,36.58274052,,3.49224699,A,3.488956194
2019/5/13,-2293665741,2293665741,,5.03157179,A,5.045972786,A,4.48941361,4.472096223,26.58502265,,-2293665741,34.68920031,,36.56357404,,3.49494676,A,3.488956194
2019/5/14,-2138898187,2138898187,,5.01521249,B,4.993843506,B,4.50944217,4.536384884,26.51569351,,-2138898187,34.67537812,,36.54570085,,3.50186118,B,3.511131276
2019/5/15,-1920494168,1920494168,,4.99235125,B,4.993843506,B,4.5379559,4.536384884,26.45628351,,-1920494168,34.6665924,,36.52965269,,3.51168409,B,3.511131276
2019/5/16,-2162219205,2162219205,,5.01766907,B,4.993843506,B,4.50641483,4.536384884,26.38562292,,-2162219205,34.65228059,,36.51158462,,3.50081684,B,3.511131276
2019/5/17,-2185178451,2185178451,,5.02009049,B,4.993843506,B,4.50343771,4.536384884,26.31376371,,-2185178451,34.63747085,,36.49332469,,3.49978954,B,3.511131276
2019/5/18,-1822771781,1822771781,,4.98220633,B,4.993843506,B,4.55080983,4.536384884,26.2584501,,-1822771781,34.63100209,,36.47809313,,3.51610426,B,3.511131276
2019/5/19,-1696292983,1696292983,,4.9691524,B,4.993843506,B,4.56753511,4.536384884,26.20885039,,-1696292983,34.6274469,,36.46391846,,3.5218483,B,3.511131276
2019/5/20,-1609291382,1609291382,,4.96022251,B,4.993843506,B,4.57909864,4.536384884,26.16315802,,-1609291382,34.62589409,,36.4504708,,3.52581472,B,3.511131276
2019/5/21,-1759655914,1759655914,,4.9756814,A,4.951915977,A,4.55914356,4.5901975,26.11044978,,-1759655914,34.62089596,,36.43576665,,3.5189674,A,3.529607896
2019/5/22,-1650048014,1650048014,,4.96440078,A,4.951915977,A,4.57367563,4.5901975,26.06268371,,-1650048014,34.61842155,,36.42197841,,3.52395506,A,3.529607896
2019/5/23,-1464353420,1464353420,,4.94543488,A,4.951915977,A,4.59846963,4.5901975,26.0233736,,-1464353420,34.62021077,,36.40974189,,3.53245025,A,3.529607896
2019/5/24,-1405208214,1405208214,,4.93943213,A,4.951915977,A,4.6064131,4.5901975,25.98670858,,-1405208214,34.62335283,,36.3979996,,3.53516806,A,3.529607896
2019/5/25,-1210416394,1210416394,,4.91979088,A,4.951915977,A,4.63273464,4.5901975,25.95894067,,-1210416394,34.63095592,,36.38788504,,3.54416042,A,3.529607896
2019/5/26,-1417252553,1417252553,,4.94065305,A,4.951915977,A,4.60479366,4.5901975,25.92159213,,-1417252553,34.63380027,,36.3760421,,3.53461413,A,3.529607896
2019/5/27,-1782288683,1782288683,,4.97801872,A,4.951915977,A,4.55615228,4.5901975,25.86735848,,-1782288683,34.62826727,,36.36114883,,3.51793995,A,3.529607896
2019/5/28,-1911626357,1911626357,,4.99142851,B,4.936452861,B,4.53911987,4.611440934,25.80706019,,-1911626357,34.61977915,,36.34517478,,3.51208456,B,3.536844639
2019/5/29,-1930367879,1930367879,,4.99337915,B,4.936452861,B,4.53666047,4.611440934,25.74577823,,-1930367879,34.61087818,,36.32904411,,3.51123835,B,3.536844639
2019/5/30,-1077893367,1077893367,,4.90653989,B,4.936452861,B,4.65078375,4.611440934,25.72363132,,-1077893367,34.62154547,,36.32003695,,3.55031475,B,3.536844639
2019/5/31,-1109967486,1109967486,,4.90973876,B,4.936452861,B,4.64640478,4.611440934,25.69996306,,-1109967486,34.63145584,,36.31076177,,3.54882251,B,3.536844639
2019/6/1,-927828840.2,927828840.2,,4.89164268,B,4.936452861,B,4.67136209,4.611440934,25.6846352,,-927828840.2,34.64552352,,36.30300859,,3.55731975,B,3.536844639
2019/6/2,-1043101550,1043101550,,4.90307589,B,4.936452861,B,4.65554144,4.611440934,25.66396822,,-1043101550,34.65691942,,36.29429216,,3.55193541,B,3.536844639
2019/6/3,-1600917698,1600917698,,4.95936515,B,4.936452861,B,4.58021414,4.611440934,25.6175717,,-1600917698,34.65549971,,36.28091447,,3.52619714,B,3.536844639
2019/6/4,-1526939866,1526939866,,4.95180684,A,4.98429622,A,4.59008846,4.548480057,25.57448918,,-1526939866,34.65577943,,36.26815496,,3.52958066,A,3.51529056
2019/6/5,-1664518869,1664518869,,4.96588643,A,4.98429622,A,4.5717527,4.548480057,25.52498478,,-1664518869,34.65290338,,36.2542458,,3.52329544,A,3.51529056
2019/6/6,-1827360101,1827360101,,4.98268151,A,4.98429622,A,4.55020497,4.548480057,25.46788232,,-1827360101,34.64629853,,36.2389759,,3.51589638,A,3.51529056
2019/6/7,-1842519203,1842519203,,4.98425222,A,4.98429622,A,4.54820754,4.548480057,25.40996755,,-1842519203,34.63935922,,36.22357932,,3.5152098,A,3.51529056
2019/6/8,-1896864321,1896864321,,4.98989341,A,4.98429622,A,4.54105859,4.548480057,25.34943429,,-1896864321,34.63118746,,36.20772862,,3.51275149,A,3.51529056
2019/6/9,-1826098313,1826098313,,4.98255082,A,4.98429622,A,4.5503713,4.548480057,25.29203883,,-1826098313,34.62465497,,36.19246926,,3.51595354,A,3.51529056
2019/6/10,-2307139519,2307139519,,5.03300231,A,4.98429622,A,4.48767684,4.548480057,25.21237598,,-2307139519,34.60710346,,36.1731902,,3.49434661,A,3.51529056
2019/6/11,-2212223066,2212223066,,5.02294652,B,4.977785034,B,4.49993496,4.557064187,25.13692483,,-2212223066,34.59176385,,36.15470428,,3.49858053,B,3.518228787
2019/6/12,-2075720554,2075720554,,5.00857256,B,4.977785034,B,4.51766009,4.557064187,25.06760891,,-2075720554,34.57958543,,36.13735901,,3.50469474,B,3.518228787
2019/6/13,-1970903919,1970903919,,4.9976047,B,4.977785034,B,4.53134849,4.557064187,25.00298131,,-1970903919,34.56983521,,36.12088962,,3.50941003,B,3.518228787
2019/6/14,-1651521571,1651521571,,4.96455202,B,4.977785034,B,4.57347976,4.557064187,24.95293244,,-1651521571,34.56742913,,36.10708907,,3.52388788,B,3.518228787
2019/6/15,-1739476130,1739476130,,4.97359972,B,4.977785034,B,4.56181335,4.557064187,24.89873305,,-1739476130,34.56301073,,36.09255355,,3.51988419,B,3.518228787
2019/6/16,-1519863265,1519863265,,4.95108533,B,4.977785034,B,4.59103486,4.557064187,24.85453873,,-1519863265,34.56363772,,36.07985317,,3.52990479,B,3.518228787
2019/6/17,-1273541085,1273541085,,4.92613439,B,4.977785034,B,4.6241778,4.557064187,24.8215995,,-1273541085,34.56991255,,36.06921112,,3.54123935,B,3.518228787
2019/6/18,-1403037586,1403037586,,4.93921218,A,4.919848677,A,4.60670505,4.633265757,24.7826309,,-1403037586,34.57320499,,36.05748697,,3.53526792,A,3.544316759
2019/6/19,-1320730189,1320730189,,4.93088993,A,4.919848677,A,4.61779805,4.633265757,24.74737473,,-1320730189,34.57837846,,36.0464506,,3.53906008,A,3.544316759
2019/6/20,-1583058546,1583058546,,4.95753783,A,4.919848677,A,4.58259472,4.633265757,24.69996747,,-1583058546,34.57752541,,36.03322215,,3.52701313,A,3.544316759
2019/6/21,-1426235071,1426235071,,4.94156409,A,4.919848677,A,4.60358652,4.633265757,24.65968733,,-1426235071,34.58027061,,36.02130415,,3.53420118,A,3.544316759
2019/6/22,-1098681984,1098681984,,4.90861262,A,4.919848677,A,4.64794477,4.633265757,24.63441089,,-1098681984,34.59052235,,36.01212328,,3.54934736,A,3.544316759
2019/6/23,-1003862592,1003862592,,4.89917648,A,4.919848677,A,4.66091689,4.633265757,24.61345047,,-1003862592,34.60292816,,36.00373474,,3.5537657,A,3.544316759
2019/6/24,-625246800.9,625246800.9,,4.86194761,A,4.919848677,A,4.7133143,4.633265757,24.6098839,,-625246800.9,34.62399224,,35.99851001,,3.57156194,A,3.544316759
2019/6/25,-642611826.4,642611826.4,,4.86363953,B,4.875714311,B,4.71088991,4.694394996,24.60551051,,-642611826.4,34.64461594,,35.99314018,,3.57074029,B,3.565116769
2019/6/26,-869530708.4,869530708.4,,4.8858859,B,4.875714311,B,4.67939699,4.694394996,24.59067845,,-869530708.4,34.65999429,,35.98587415,,3.56005149,B,3.565116769
2019/6/27,-1067454939,1067454939,,4.90549996,B,4.875714311,B,4.65221033,4.694394996,24.56670205,,-1067454939,34.67080274,,35.97695421,,3.55080077,B,3.565116769
2019/6/28,-876174948.4,876174948.4,,4.88654114,B,4.875714311,B,4.6784801,4.694394996,24.5514864,,-876174948.4,34.68597634,,35.96963266,,3.55973986,B,3.565116769
2019/6/29,-57742239.14,57742239.14,,4.80745812,B,4.875714311,B,4.79369455,4.694394996,24.57393026,,-57742239.14,34.71988934,,35.96915015,,3.598706,B,3.565116769
2019/6/30,-810297265.4,810297265.4,,4.88005418,B,4.875714311,B,4.68758415,4.694394996,24.56176283,,-810297265.4,34.73647559,,35.9623791,,3.56283305,B,3.565116769
2019/7/1,-1021430563,1021430563,,4.90092135,B,4.875714311,B,4.65850894,4.694394996,24.53984808,,-1021430563,34.74818659,,35.95384375,,3.55294592,B,3.565116769
2019/7/2,-1193042545,1193042545,,4.91804855,A,4.879307271,A,4.63509432,4.688966371,24.50998653,,-1193042545,34.75593846,,35.94387438,,3.54496556,A,3.56328897
2019/7/3,-973906158.7,973906158.7,,4.89620477,A,4.879307271,A,4.66502758,4.688966371,24.49015679,,-973906158.7,34.76870044,,35.93573616,,3.55516478,A,3.56328897
2019/7/4,-667812290.2,667812290.2,,4.86609752,A,4.879307271,A,4.70737523,4.688966371,24.48438344,,-667812290.2,34.78845679,,35.93015574,,3.56954885,A,3.56328897
2019/7/5,-472199866.7,472199866.7,,4.84709966,A,4.879307271,A,4.73477111,4.688966371,24.48760675,,-472199866.7,34.81265975,,35.92620992,,3.57882626,A,3.56328897
2019/7/6,-707218897.8,707218897.8,,4.86994741,A,4.879307271,A,4.70188791,4.688966371,24.48001357,,-707218897.8,34.83142444,,35.92030021,,3.56768796,A,3.56328897
2019/7/7,-892145830.5,892145830.5,,4.88811706,A,4.879307271,A,4.67627737,4.688966371,24.46388906,,-892145830.5,34.84591052,,35.9128452,,3.5589911,A,3.56328897
2019/7/8,-704033545,704033545,,4.86963593,A,4.879307271,A,4.70233108,4.688966371,24.45639513,,-704033545,34.86468176,,35.90696211,,3.56783828,A,3.56328897
2019/7/9,-444925835.3,444925835.3,,4.84446563,B,4.858017861,B,4.73861179,4.719272531,24.46081848,,-444925835.3,34.88935777,,35.9032442,,3.58012512,B,3.573567697
2019/7/10,-335035577.6,335035577.6,,4.83388926,B,4.858017861,B,4.75413862,4.719272531,24.47031127,,-335035577.6,34.91650462,,35.90044455,,3.58537168,B,3.573567697
2019/7/11,-381033483,381033483,,4.83830923,B,4.858017861,B,4.74762918,4.719272531,24.47770478,,-381033483,34.94254228,,35.89726054,,3.58317298,B,3.573567697
2019/7/12,-522874328.7,522874328.7,,4.85200322,B,4.858017861,B,4.72764885,4.719272531,24.47858111,,-522874328.7,34.96527491,,35.89289126,,3.57641647,B,3.573567697
2019/7/13,-638711754.6,638711754.6,,4.8632594,B,4.858017861,B,4.71143423,4.719272531,24.47412472,,-638711754.6,34.98530549,,35.88755402,,3.57092478,B,3.573567697
2019/7/14,-824088695.7,824088695.7,,4.88141042,B,4.858017861,B,4.68567581,4.719272531,24.46112256,,-824088695.7,35.00104462,,35.88066771,,3.56218487,B,3.573567697
2019/7/15,-939405523.8,939405523.8,,4.89278787,B,4.858017861,B,4.66976924,4.719272531,24.44278389,,-939405523.8,35.01410763,,35.87281779,,3.55677798,B,3.573567697
2019/7/16,-386715940.5,386715940.5,,4.83885597,A,4.850548057,A,4.74682605,4.728467849,24.44986066,,-386715940.5,35.03981976,,35.86958629,,3.58290162,A,3.576552054
2019/7/17,-481535332.6,481535332.6,,4.84800208,A,4.850548057,A,4.73345769,4.728467849,24.45258502,,-481535332.6,35.0633059,,35.86556246,,3.57838198,A,3.576552054
2019/7/18,-658679769.2,658679769.2,,4.86520639,A,4.850548057,A,4.70864843,4.728467849,24.44715709,,-658679769.2,35.08268247,,35.86005836,,3.56998049,A,3.576552054
2019/7/19,-846342046.4,846342046.4,,4.88360081,A,4.850548057,A,4.68259928,4.728467849,24.43307619,,-846342046.4,35.0977165,,35.8529861,,3.5611397,A,3.576552054
2019/7/20,-551366029.5,551366029.5,,4.85476573,A,4.850548057,A,4.72365212,4.728467849,24.43255119,,-551366029.5,35.11948536,,35.84837874,,3.57506355,A,3.576552054
2019/7/21,-670309395,670309395,,4.86634125,A,4.850548057,A,4.7070272,4.728467849,24.42654762,,-670309395,35.13848287,,35.84277746,,3.56943085,A,3.576552054
2019/7/22,52359787.14,52359787.14,,4.79706417,A,4.850548057,A,4.79706417,4.728467849,24.45381196,,52359787.14,35.17401591,,35.84321499,,3.59896619,A,3.576552054
2019/7/23,539127569,539127569,,4.75178386,B,4.810374776,B,4.75178386,4.728981266,24.50354714,,539127569,35.2206413,,35.84772008,,3.57564451,B,3.572471749
2019/7/24,394851384.4,394851384.4,,4.76509177,B,4.810374776,B,4.76509177,4.728981266,24.54673769,,394851384.4,35.26386464,,35.85101956,,3.58251321,B,3.572471749
2019/7/25,919322801.3,919322801.3,,4.71716141,B,4.810374776,B,4.71716141,4.728981266,24.61416723,,919322801.3,35.31902965,,35.85870167,,3.55771797,B,3.572471749
2019/7/26,-146940939.5,146940939.5,,4.81592054,B,4.810374776,B,4.78091114,4.728981266,24.63262874,,-146940939.5,35.34963087,,35.85747379,,3.59440168,B,3.572471749
2019/7/27,-819932736.8,819932736.8,,4.88100163,B,4.810374776,B,4.68625074,4.728981266,24.62013497,,-819932736.8,35.36473667,,35.85062222,,3.56238016,B,3.572471749
2019/7/28,-887795750.5,887795750.5,,4.88768769,B,4.810374776,B,4.67687717,4.728981266,24.60449103,,-887795750.5,35.37825589,,35.84320356,,3.559195,B,3.572471749
2019/7/29,-543230585.7,543230585.7,,4.85397653,B,4.810374776,B,4.72479277,4.728981266,24.6046835,,-543230585.7,35.39965025,,35.83866418,,3.57544971,B,3.572471749
2019/7/30,-737625339.7,737625339.7,,4.87292326,A,4.857923639,A,4.69766106,4.719180117,24.59592421,,-737625339.7,35.41654362,,35.83250039,,3.56625393,A,3.573545756
2019/7/31,-726992791.1,726992791.1,,4.87188214,A,4.857923639,A,4.6991384,4.719180117,24.58763705,,-726992791.1,35.43364705,,35.82642545,,3.5667552,A,3.573545756
2019/8/1,-561875046.4,561875046.4,,4.85578567,A,4.857923639,A,4.72217936,4.719180117,24.58693721,,-561875046.4,35.45450304,,35.82173027,,3.57456488,A,3.573545756
2019/8/2,-398222034.6,398222034.6,,4.83996351,A,4.857923639,A,4.74520051,4.719180117,24.59377241,,-398222034.6,35.47907051,,35.81840262,,3.58235233,A,3.573545756
2019/8/3,-586722562.5,586722562.5,,4.85819937,A,4.857923639,A,4.71870017,4.719180117,24.59194058,,-586722562.5,35.4992658,,35.81349981,,3.57338662,A,3.573545756
2019/8/4,-539251100.7,539251100.7,,4.8535906,A,4.857923639,A,4.72535089,4.719180117,24.59229121,,-539251100.7,35.52050941,,35.80899369,,3.57563865,A,3.573545756
2019/8/5,-534406893.9,534406893.9,,4.85312092,A,4.857923639,A,4.72603043,4.719180117,24.59286562,,-534406893.9,35.54182163,,35.80452805,,3.57586868,A,3.573545756
2019/8/6,-742963673.3,742963673.3,,4.87344619,B,4.876874644,B,4.69691961,4.692628296,24.58383686,,-742963673.3,35.55830823,,35.79831965,,3.56600233,B,3.564523023
2019/8/7,-817188568.7,817188568.7,,4.88073175,B,4.876874644,B,4.68663043,4.692628296,24.57137188,,-817188568.7,35.5730596,,35.791491,,3.56250913,B,3.564523023
2019/8/8,-579178306.1,579178306.1,,4.8574662,B,4.876874644,B,4.71975608,4.692628296,24.56984267,,-579178306.1,35.59323994,,35.78665124,,3.57374425,B,3.564523023
2019/8/9,-355347716.2,355347716.2,,4.83583981,B,4.876874644,B,4.75126231,4.692628296,24.57861811,,-355347716.2,35.61851319,,35.78368186,,3.5844003,B,3.564523023
2019/8/10,-721133859.7,721133859.7,,4.87130869,B,4.876874644,B,4.69995279,4.692628296,24.57056615,,-721133859.7,35.63534705,,35.77765587,,3.5670315,B,3.564523023
2019/8/11,-854953969.6,854953969.6,,4.88444915,B,4.876874644,B,4.68140958,4.692628296,24.55633548,,-854953969.6,35.64907824,,35.77051165,,3.56073545,B,3.564523023
2019/8/12,-1360242681,1360242681,,4.93488072,B,4.876874644,B,4.61246727,4.692628296,24.51880711,,-1360242681,35.65119379,,35.75914511,,3.5372382,B,3.564523023
2019/8/13,-1275217586,1275217586,,4.92630314,A,4.908945449,A,4.62395089,4.647680323,24.48511921,,-1275217586,35.65525506,,35.74848905,,3.54116187,A,3.549249456
2019/8/14,-1132264955,1132264955,,4.91196566,A,4.908945449,A,4.64336458,4.647680323,24.4579471,,-1132264955,35.66258665,,35.73902755,,3.54778615,A,3.549249456
2019/8/15,-875248460.7,875248460.7,,4.88644976,A,4.908945449,A,4.67860794,4.647680323,24.44255661,,-875248460.7,35.67579793,,35.73171374,,3.55978331,A,3.549249456
2019/8/16,-1132176719,1132176719,,4.91195684,A,4.908945449,A,4.6433766,4.647680323,24.41530343,,-1132176719,35.68309046,,35.72225297,,3.54779025,A,3.549249456
2019/8/17,-830203514.1,830203514.1,,4.88201206,A,4.908945449,A,4.6848301,4.647680323,24.40190203,,-830203514.1,35.69729378,,35.71531557,,3.56189759,A,3.549249456
2019/8/18,-1176665773,1176665773,,4.91640763,A,4.908945449,A,4.63732039,4.647680323,24.37251877,,-1176665773,35.70352302,,35.70548304,,3.54572496,A,3.549249456
2019/8/19,-1287332515,1287332515,,4.92752305,A,4.908945449,A,4.62231176,4.647680323,24.33798038,,-1287332515,35.70720179,,35.69472575,,3.54060206,A,3.549249456
2019/8/20,-1332924531,1332924531,,4.9321207,B,4.852022334,B,4.61615179,4.714354606,24.30127334,,-1332924531,35.7098276,,35.68358749,,3.53849753,B,3.570779596
2019/8/21,-1100358486,1100358486,,4.90877987,B,4.852022334,B,4.64771595,4.714354606,24.27520287,,-1100358486,35.71778178,,35.6743926,,3.54926938,B,3.570779596
2019/8/22,-823153384.3,823153384.3,,4.88131842,B,4.852022334,B,4.68580519,4.714354606,24.26184594,,-823153384.3,35.73207741,,35.66751411,,3.56222882,B,3.570779596
2019/8/23,-476099938.5,476099938.5,,4.84747661,B,4.852022334,B,4.73422233,4.714354606,24.26444458,,-476099938.5,35.75430369,,35.6635357,,3.57864063,B,3.570779596
2019/8/24,-327138373.5,327138373.5,,4.83313144,B,4.852022334,B,4.75525768,4.714354606,24.2739083,,-327138373.5,35.77990176,,35.66080204,,3.58574954,B,3.570779596
2019/8/25,218271664.1,218271664.1,,4.78150837,B,4.852022334,B,4.78150837,4.714354606,24.30850782,,218271664.1,35.81795695,,35.66262598,,3.59096984,B,3.570779596
2019/8/26,236351408.6,236351408.6,,4.77982093,B,4.852022334,B,4.77982093,4.714354606,24.34400915,,236351408.6,35.85635066,,35.66460099,,3.59010143,B,3.570779596
2019/8/27,193397676.9,193397676.9,,4.78383242,A,4.890412497,A,4.78383242,4.668374903,24.37760339,,193397676.9,35.89368249,,35.66621707,,3.59216554,A,3.555790421
2019/8/28,-637361729.8,637361729.8,,4.86312784,A,4.890412497,A,4.71162268,4.668374903,24.37300722,,-637361729.8,35.91188722,,35.66089111,,3.57098865,A,3.555790421
2019/8/29,-1112394002,1112394002,,4.90998098,A,4.890412497,A,4.64607377,4.668374903,24.34652597,,-1112394002,35.91916126,,35.65159565,,3.54870968,A,3.555790421
2019/8/30,-793082242.7,793082242.7,,4.87836259,A,4.890412497,A,4.68996801,4.668374903,24.3346965,,-793082242.7,35.93374377,,35.64496845,,3.56364259,A,3.555790421
2019/8/31,-1174653971,1174653971,,4.91620615,A,4.890412497,A,4.63759397,4.668374903,24.30527147,,-1174653971,35.93954624,,35.63515273,,3.54581828,A,3.555790421
2019/9/1,-1472771222,1472771222,,4.9462907,A,4.890412497,A,4.59734091,4.668374903,24.26205888,,0,35.93850016,,35.62284587,,3.53206392,A,3.555790421
2019/9/2,-1362280953,1362280953,,4.9350868,A,4.890412497,A,4.61219256,4.668374903,24.2238481,,0,35.93999013,,35.61146229,,3.53714429,A,3.555790421
2019/9/3,-937640785.4,937640785.4,,4.89261326,B,4.959221177,B,4.670012,4.581259484,24.20511615,,0,35.95121571,,35.60362712,,3.55686056,B,3.526520714
2019/9/4,-1166492056,1166492056,,4.91538894,B,4.959221177,B,4.63870417,4.581259484,24.17580783,,0,35.95717042,,35.5938796,,3.54619696,B,3.526520714
2019/9/5,-1675107299,1675107299,,4.96697419,B,4.959221177,B,4.57034652,4.581259484,24.12301846,,0,35.95144876,,35.57988196,,3.52281301,B,3.526520714
2019/9/6,-1758041178,1758041178,,4.97551475,B,4.959221177,B,4.55935709,4.581259484,24.0663043,,0,35.94383655,,35.56519131,,3.51904073,B,3.526520714
2019/9/7,-1781441609,1781441609,,4.97793119,B,4.959221177,B,4.55626418,4.581259484,24.00839908,,0,35.93570292,,35.55030511,,3.51797839,B,3.526520714
2019/9/8,-1960959618,1960959618,,4.99656726,B,4.959221177,B,4.53265068,4.581259484,23.94211101,,0,35.92346852,,35.53391882,,3.50985831,B,3.526520714
2019/9/9,-1893643674,1893643674,,4.98955865,B,4.959221177,B,4.54148175,4.581259484,23.87879035,,0,35.9128024,,35.51809503,,3.51289704,B,3.526520714
2019/9/10,-1585546827,1585546827,,4.95779233,A,4.917639674,A,4.58226292,4.636156763,23.82953133,,0,35.90922343,,35.50484578,,3.52689941,A,3.54530745
2019/9/11,-986921104.1,986921104.1,,4.89749531,A,4.917639674,A,4.6632409,4.636156763,23.80774132,,0,35.91938037,,35.49659881,,3.55455674,A,3.54530745
2019/9/12,-775028969.3,775028969.3,,4.87659021,A,4.917639674,A,4.6924701,4.636156763,23.79566566,,0,35.93437647,,35.49012246,,3.56449209,A,3.54530745
2019/9/13,-1378719491,1378719491,,4.93674967,A,4.917639674,A,4.60997797,4.636156763,23.75576507,,0,35.93549769,,35.47860152,,3.53638715,A,3.54530745
2019/9/14,-1458070951,1458070951,,4.94479639,A,4.917639674,A,4.59931233,4.636156763,23.71213044,,0,35.93479683,,35.4664175,,3.53273867,A,3.54530745
2019/9/15,-971056106.3,971056106.3,,4.89592227,A,4.917639674,A,4.66541898,4.636156763,23.69083624,,0,35.94526646,,35.4583031,,3.55529796,A,3.54530745
2019/9/16,-1153927119,1153927119,,4.91413154,A,4.917639674,A,4.64041414,4.636156763,23.66107799,,0,35.95152123,,35.44866058,,3.54678013,A,3.54530745
2019/9/17,-1790653543,1790653543,,4.97888327,B,4.940820706,B,4.55504755,4.605205084,23.6019381,,0,35.94316096,,35.4336974,,3.51756043,B,3.534729394
2019/9/18,-1846957520,1846957520,,4.98471234,B,4.940820706,B,4.547623,4.605205084,23.54008705,,0,35.93352615,,35.41826374,,3.51500885,B,3.534729394
2019/9/19,-1425264465,1425264465,,4.94146563,B,4.940820706,B,4.60371693,4.605205084,23.49753185,,0,35.93358161,,35.40635385,,3.53424579,B,3.534729394
2019/9/20,-1494106909,1494106909,,4.94846153,B,4.940820706,B,4.59448211,4.605205084,23.45172124,,0,35.93205815,,35.3938687,,3.53108524,B,3.534729394
2019/9/21,-994324181.6,994324181.6,,4.89822976,B,4.940820706,B,4.66222512,4.605205084,23.4288347,,0,35.94199963,,35.38555987,,3.55421101,B,3.534729394
2019/9/22,-1033510197,1033510197,,4.90212202,B,4.940820706,B,4.65685444,4.605205084,23.40409781,,0,35.95102255,,35.37692359,,3.55238255,B,3.534729394
2019/9/23,-1330445073,1330445073,,4.93187039,B,4.940820706,B,4.61648644,4.605205084,23.36563719,,0,35.95321759,,35.36580604,,3.53861189,B,3.534729394
2019/9/24,-1037692627,1037692627,,4.90253791,A,4.926768164,A,4.65628181,4.623629996,23.3405813,,0,35.96212215,,35.3571348,,3.55218755,A,3.541040033
2019/9/25,-1104876216,1104876216,,4.90923064,A,4.926768164,A,4.64709942,4.623629996,23.3123814,,0,35.96946813,,35.34790217,,3.54905926,A,3.541040033
2019/9/26,-1083708179,1083708179,,4.90711944,A,4.926768164,A,4.64998937,4.623629996,23.28509992,,0,35.97728488,,35.33884641,,3.55004409,A,3.541040033
2019/9/27,-1538560668,1538560668,,4.95299222,A,4.926768164,A,4.58853504,4.623629996,23.23681729,,0,35.97465452,,35.3259898,,3.52904856,A,3.541040033
2019/9/28,-1425273289,1425273289,,4.94146652,A,4.926768164,A,4.60371574,4.623629996,23.19365514,,0,35.97462753,,35.31407984,,3.53424539,A,3.541040033
2019/9/29,-1179604062,1179604062,,4.91670194,A,4.926768164,A,4.63692086,4.623629996,23.16172007,,0,35.98023471,,35.30422275,,3.54558868,A,3.541040033
2019/9/30,-1581011449,1581011449,,4.95732848,A,4.926768164,A,4.58286773,4.623629996,23.11123577,,0,35.97662489,,35.29101141,,3.5271067,A,3.541040033
2019/10/1,-1521530943,1521530943,,4.95125534,B,5.004462549,B,4.5908118,4.523675496,23.06338966,,0,35.9743864,,35.27829709,,3.5298284,B,3.506732354
2019/10/2,-2705961564,2705961564,,5.07581016,B,5.004462549,B,4.43676202,4.523675496,22.96090321,,0,35.94498894,,35.25568536,,3.47671212,B,3.506732354
2019/10/3,-2428862347,2428862347,,5.04597187,B,5.004462549,B,4.47203652,4.523675496,22.87097258,,0,35.9220052,,35.23538915,,3.48893789,B,3.506732354
2019/10/4,-1923158923,1923158923,,4.99262861,B,5.004462549,B,4.53760622,4.523675496,22.80415043,,0,35.91066511,,35.21931873,,3.51156378,B,3.506732354
2019/10/5,-1987015980,1987015980,,4.99928674,B,5.004462549,B,4.52923994,4.523675496,22.73425392,,0,35.89788322,,35.2027147,,3.50868406,B,3.506732354
2019/10/6,-1779879815,1779879815,,4.97776982,B,5.004462549,B,4.5564705,4.523675496,22.67375653,,0,35.88987731,,35.18784155,,3.51804927,B,3.506732354
2019/10/7,-1883602312,1883602312,,4.9885153,B,5.004462549,B,4.54280147,4.523675496,22.60836158,,0,35.87950866,,35.17210168,,3.51335096,B,3.506732354
2019/10/8,-1944865204,1944865204,,4.99488935,A,5.002606293,A,4.53475952,4.525476953,22.5400146,,0,35.86775576,,35.15584987,,3.51058416,A,3.50737265
2019/10/9,-2239161797,2239161797,,5.0257954,A,5.002606293,A,4.49645036,4.525476953,22.45797816,,0,35.84927703,,35.13713884,,3.49737742,A,3.50737265
2019/10/10,-1949259403,1949259403,,4.99534732,A,5.002606293,A,4.53418359,4.525476953,22.38912806,,0,35.83748382,,35.12085032,,3.51038594,A,3.50737265
2019/10/11,-1503415904,1503415904,,4.94940944,A,5.002606293,A,4.59323569,4.525476953,22.34067195,,0,35.83593906,,35.10828738,,3.53065847,A,3.50737265
2019/10/12,-2202728774,2202728774,,5.02194342,A,5.002606293,A,4.50116413,4.525476953,22.25991462,,0,35.81835951,,35.0898808,,3.49900484,A,3.50737265
2019/10/13,-2017263596,2017263596,,5.0024483,A,5.002606293,A,4.52528584,4.525476953,22.1875367,,0,35.80506854,,35.07302401,,3.5073223,A,3.50737265
2019/10/14,-2263859310,2263859310,,5.02841082,A,5.002606293,A,4.49325954,4.525476953,22.10365796,,0,35.78614879,,35.05410661,,3.49627542,A,3.50737265
2019/10/15,-2298395240,2298395240,,5.0320738,B,5.045140364,B,4.48880385,4.473227961,22.01802103,,0,35.76647483,,35.03490061,,3.49473607,B,3.489342636
2019/10/16,-2217861405,2217861405,,5.02354246,B,5.045140364,B,4.49920526,4.473227961,21.93592152,,0,35.74868716,,35.01636758,,3.49832862,B,3.489342636
2019/10/17,-2506810840,2506810840,,5.05432118,B,5.045140364,B,4.46206755,4.473227961,21.84035129,,0,35.72430838,,34.99542,,3.48548658,B,3.489342636
2019/10/18,-2215831956,2215831956,,5.02332794,B,5.045140364,B,4.49946789,4.473227961,21.7579899,,0,35.70665159,,34.97690393,,3.49841929,B,3.489342636
2019/10/19,-2526928858,2526928858,,5.05648168,B,5.045140364,B,4.45950052,4.473227961,21.66113735,,0,35.68189549,,34.95578825,,3.48459737,B,3.489342636
2019/10/20,-2729838474,2729838474,,5.07840186,B,5.045140364,B,4.43374378,4.473227961,21.55474683,,0,35.65253542,,34.932977,,3.47566428,B,3.489342636
2019/10/21,-2446271491,2446271491,,5.04783363,B,5.045140364,B,4.46980688,4.473227961,21.46120217,,0,35.62973733,,34.91253531,,3.48816624,B,3.489342636
2019/10/22,-2748782941,2748782941,,5.08046051,A,5.061888793,A,4.43135142,4.454953126,21.35353936,,0,35.60004711,,34.88956575,,3.47483352,A,3.482950246
2019/10/23,-2455774607,2455774607,,5.04885063,A,5.061888793,A,4.46859055,4.454953126,21.25915466,,0,35.57713605,,34.86904465,,3.48774522,A,3.482950246
2019/10/24,-2325236911,2325236911,,5.03492532,A,5.061888793,A,4.48534583,4.454953126,21.17059263,,0,35.55726454,,34.84961436,,3.49354097,A,3.482950246
2019/10/25,-1847725181,1847725181,,4.98479193,A,5.061888793,A,4.54752191,4.454953126,21.10384354,,0,35.54838391,,34.83417428,,3.5149741,A,3.482950246
2019/10/26,-1998186774,1998186774,,5.00045376,A,5.061888793,A,4.52777898,4.454953126,21.03003199,,0,35.5360704,,34.81747691,,3.50818097,A,3.482950246
2019/10/27,-3232533020,3232533020,,5.13374189,A,5.061888793,A,4.37096799,4.454953126,20.89922949,,0,35.4954733,,34.79046501,,3.45380741,A,3.482950246
2019/10/28,-3377647455,3377647455,,5.14999751,A,5.061888793,A,4.3531152,4.454953126,20.76148266,,0,35.45162938,,34.7622405,,3.44756953,A,3.482950246
2019/10/29,-3055926828,3055926828,,5.11412956,B,5.073725161,B,4.39285637,4.440331797,20.63827601,,0,35.41525141,,34.73670437,,3.46144203,B,3.477906179
2019/10/30,-3014684893,3014684893,,5.10957637,B,5.073725161,B,4.39799357,4.440331797,20.5167222,,0,35.37989203,,34.71151286,,3.46323175,B,3.477906179
2019/10/31,-2911518288,2911518288,,5.09823059,B,5.073725161,B,4.41088723,4.440331797,20.39967624,,0,35.34696936,,34.68718345,,3.46772016,B,3.477906179
2019/11/1,-1764094230,1764094230,,4.97613954,B,5.073725161,B,4.55855671,4.440331797,20.33523664,,0,35.3404273,,34.67244221,,3.51876585,B,3.477906179
2019/11/2,-2400300057,2400300057,,5.04292107,B,5.073725161,B,4.47569851,4.440331797,20.24137002,,0,35.31930772,,34.65238467,,3.49020494,B,3.477906179
2019/11/3,-2844069988,2844069988,,5.09084674,B,5.073725161,B,4.41935021,4.440331797,20.12687944,,0,35.28805307,,34.62861888,,3.47066344,B,3.477906179
2019/11/4,-2783442402,2783442402,,5.08423226,B,5.073725161,B,4.42697998,4.440331797,20.01495187,,0,35.25825135,,34.6053597,,3.47331508,B,3.477906179
2019/11/5,-2672837425,2672837425,,5.07222018,A,5.139318303,A,4.44095474,4.365324186,19.90789395,,0,35.23104582,,34.58302476,,3.47816725,A,3.451816997
2019/11/6,-3321855252,3321855252,,5.1437326,A,5.139318303,A,4.35996501,4.365324186,19.77073376,,0,35.18901028,,34.55526647,,3.44996405,A,3.451816997
2019/11/7,-3261307079,3261307079,,5.13695501,A,5.139318303,A,4.36741859,4.365324186,19.63608758,,0,35.1484474,,34.52801412,,3.45256801,A,3.451816997
2019/11/8,-3485446498,3485446498,,5.1621561,A,5.139318303,A,4.3399298,4.365324186,19.49085017,,0,35.10282529,,34.49888882,,3.44295617,A,3.451816997
2019/11/9,-3687597277,3687597277,,5.18514968,A,5.139318303,A,4.31537811,4.365324186,19.33601297,,0,35.05265835,,34.46807428,,3.43435167,A,3.451816997
2019/11/10,-3248336252,3248336252,,5.13550598,A,5.139318303,A,4.36901801,4.365324186,19.20109467,,0,35.01266565,,34.44093033,,3.45312655,A,3.451816997
2019/11/11,-3284142793,3284142793,,5.13950857,A,5.139318303,A,4.36460504,4.365324186,19.06425759,,0,34.97193176,,34.41348716,,3.45158528,A,3.451816997
2019/11/12,-3424113016,3424113016,,5.15522961,B,5.15878337,B,4.34742381,4.343644476,18.92070101,,0,34.92806929,,34.38487437,,3.44557886,B,3.444253734
2019/11/13,-3373535615,3373535615,,5.14953515,B,5.15878337,B,4.35361943,4.343644476,18.77918648,,0,34.88545447,,34.35668422,,3.44774584,B,3.444253734
2019/11/14,-3540056326,3540056326,,5.16834273,B,5.15878337,B,4.33327498,4.343644476,18.62972042,,0,34.83910594,,34.32710258,,3.44062572,B,3.444253734
2019/11/15,-3286304598,3286304598,,5.13975047,B,5.15878337,B,4.36433884,4.343644476,18.49164104,,0,34.79866959,,34.29964135,,3.45149228,B,3.444253734
2019/11/16,-3508996931,3508996931,,5.16482182,B,5.15878337,B,4.33705788,4.343644476,18.34303021,,0,34.75320693,,34.27031925,,3.44195062,B,3.444253734
2019/11/17,-3414892258,3414892258,,5.15419029,B,5.15878337,B,4.34855226,4.343644476,18.19845581,,0,34.70999338,,34.24178351,,3.44597363,B,3.444253734
2019/11/18,-3639128738,3639128738,,5.17961352,B,5.15878337,B,4.32124413,4.343644476,18.04326586,,0,34.66172366,,34.21137399,,3.43640919,B,3.444253734
2019/11/19,-3757145616,3757145616,,5.19311929,A,5.12307393,A,4.30698342,4.38405653,17.8823307,,0,34.61084392,,34.17997829,,3.43140535,A,3.458327684
2019/11/20,-3493723121,3493723121,,5.16309256,A,5.12307393,A,4.33892014,4.38405653,17.73320463,,0,34.5661072,,34.15078382,,3.44260268,A,3.458327684
2019/11/21,-3579683526,3579683526,,5.17284354,A,5.12307393,A,4.32845633,4.38405653,17.57982171,,0,34.51948856,,34.12087104,,3.43893743,A,3.458327684
2019/11/22,-2960507425,2960507425,,5.10361036,A,5.12307393,A,4.40475695,4.38405653,17.45464594,,0,34.4871632,,34.09613226,,3.46558678,A,3.458327684
2019/11/23,-2848252418,2848252418,,5.09130384,A,5.12307393,A,4.41882465,4.38405653,17.33438931,,0,34.45747692,,34.07233151,,3.47048072,A,3.458327684
2019/11/24,-2832510952,2832510952,,5.089584,A,5.12307393,A,4.42080322,4.38405653,17.21461709,,0,34.42821102,,34.0486623,,3.47116855,A,3.458327684
2019/11/25,-2447489160,2447489160,,5.04796392,A,5.12307393,A,4.469651,4.38405653,17.1123361,,0,34.40783366,,34.02821044,,3.48811228,A,3.458327684
2019/11/26,-2368393587,2368393587,,5.03951851,B,5.16652484,B,4.47979507,4.338504611,17.013493,,0,34.38931101,,34.00841952,,3.49162187,B,3.442332519
2019/11/27,-2718747094,2718747094,,5.07719754,B,5.16652484,B,4.4351454,4.338504611,16.89831796,,0,34.36279047,,33.98570095,,3.47615091,B,3.442332519
2019/11/28,-2973548842,2973548842,,5.1050449,B,5.16652484,B,4.40312734,4.338504611,16.77117861,,0,34.33047942,,33.96085319,,3.46501948,B,3.442332519
2019/11/29,-4018362188,4018362188,,5.22332537,B,5.16652484,B,4.27568921,4.338504611,16.59566989,,0,34.27427148,,33.9272747,,3.42040271,B,3.442332519
2019/11/30,-4189294745,4189294745,,5.24332803,B,5.16652484,B,4.2554102,4.338504611,16.41193847,,0,34.21425583,,33.89226785,,3.41325663,B,3.442332519
2019/12/1,-4066707195,4066707195,,5.22896359,B,5.16652484,B,4.26993783,4.338504611,16.23348492,,0,34.15717161,,33.85828537,,3.41837729,B,3.442332519
2019/12/2,-4231498463,4231498463,,5.24829594,B,5.16652484,B,4.25042723,4.338504611,16.04708559,,0,34.09642227,,33.82292586,,3.41149874,B,3.442332519
2019/12/3,-3869038852,3869038852,,5.20600513,A,5.133689647,A,4.29353307,4.37267038,15.87700523,,0,34.044107,,33.79059515,,3.4266801,A,3.454339284
2019/12/4,-3888503916,3888503916,,5.20825485,A,5.133689647,A,4.2912002,4.37267038,15.70568832,,0,33.99144995,,33.75810179,,3.42585996,A,3.454339284
2019/12/5,-3309202078,3309202078,,5.14231441,A,5.133689647,A,4.36152093,4.37267038,15.56070641,,0,33.95218378,,33.73044922,,3.45050776,A,3.454339284
2019/12/6,-2406061927,2406061927,,5.04353614,A,5.133689647,A,4.47495938,4.37267038,15.45702538,,0,33.93370855,,33.71034353,,3.48994924,A,3.454339284
2019/12/7,-2834743346,2834743346,,5.08982781,A,5.133689647,A,4.42052254,4.37267038,15.33339562,,0,33.90543899,,33.68665567,,3.47107098,A,3.454339284
2019/12/8,-2847008278,2847008278,,5.09116786,A,5.133689647,A,4.41898098,4.37267038,15.20895379,,0,33.87694469,,33.66286532,,3.47053507,A,3.454339284
2019/12/9,-3419604110,3419604110,,5.15472133,A,5.133689647,A,4.34797556,4.37267038,15.05789425,,0,33.8353756,,33.63429021,,3.44577188,A,3.454339284
2019/12/10,-3094627541,3094627541,,5.11841138,B,5.151953377,B,4.3880446,4.351143533,14.9214982,,0,33.80134259,,33.60843068,,3.45976495,B,3.446874013
2019/12/11,-3665926290,3665926290,,5.18267257,B,5.151953377,B,4.3179993,4.351143533,14.75852028,,0,33.75427561,,33.57779724,,3.43527118,B,3.446874013
2019/12/12,-3389991800,3389991800,,5.15138622,B,5.151953377,B,4.35160201,4.351143533,14.60792356,,0,33.71363098,,33.54946957,,3.44704036,B,3.446874013
2019/12/13,-3440966268,3440966268,,5.15713058,B,5.151953377,B,4.34536251,4.351143533,14.4546782,,0,33.6718986,,33.52071595,,3.44485763,B,3.446874013
2019/12/14,-3491702495,3491702495,,5.1628639,B,5.151953377,B,4.3391666,4.351143533,14.29878988,,0,33.62908611,,33.49153837,,3.44268897,B,3.446874013
2019/12/15,-3329478922,3329478922,,5.14458755,B,5.151953377,B,4.35902799,4.351143533,14.1500604,,0,33.59007965,,33.46371636,,3.44963658,B,3.446874013
2019/12/16,-3347602785,3347602785,,5.14662144,B,5.151953377,B,4.35680172,4.351143533,14.00019883,,0,33.55073555,,33.43574291,,3.44885842,B,3.446874013
2019/12/17,-3504814501,3504814501,,5.16434816,A,5.111824176,A,4.33756769,4.396072357,13.84279772,,0,33.50786469,,33.40645576,,3.44212914,A,3.462538703
2019/12/18,-3124504561,3124504561,,5.12172306,A,5.111824176,A,4.38433577,4.396072357,13.70259561,,0,33.4738015,,33.38034657,,3.45847181,A,3.462538703
2019/12/19,-2367087681,2367087681,,5.03937937,A,5.111824176,A,4.47996287,4.396072357,13.59699317,,0,33.45717686,,33.36056657,,3.4916799,A,3.462538703
2019/12/20,-3130125253,3130125253,,5.12234667,A,5.111824176,A,4.3836386,4.396072357,13.45604061,,0,33.42308615,,33.33441041,,3.45822868,A,3.462538703
2019/12/21,-2947360125,2947360125,,5.1021652,A,5.111824176,A,4.40640078,4.396072357,13.32322272,,0,33.39325511,,33.3097815,,3.46615896,A,3.462538703
2019/12/22,-3092465736,3092465736,,5.11817197,A,5.111824176,A,4.38831315,4.396072357,13.18345689,,0,33.36015591,,33.28394004,,3.45985858,A,3.462538703
2019/12/23,-3060497501,3060497501,,5.1146348,A,5.111824176,A,4.39228764,4.396072357,13.04488371,,0,33.32785607,,33.25836571,,3.46124385,A,3.462538703
2019/12/24,-2808034031,2808034031,,5.08691263,B,5.134454799,B,4.42388262,4.370669776,12.91765967,,0,33.30141076,,33.23490104,,3.47223884,B,3.453684727
2019/12/25,-3698335710,3698335710,,5.18637823,B,5.134454799,B,4.31408022,4.370669776,12.74918157,,0,33.25460037,,33.20399677,,3.43389628,B,3.453684727
2019/12/26,-3149519727,3149519727,,5.12449993,B,5.134454799,B,4.3812344,4.370669776,12.60564024,,0,33.22047002,,33.17767856,,3.45739014,B,3.453684727
2019/12/27,-3313675690,3313675690,,5.14281571,B,5.134454799,B,4.36097072,4.370669776,12.45425222,,0,33.18264322,,33.14998861,,3.4503155,B,3.453684727
2019/12/28,-2919997856,2919997856,,5.09916077,B,5.134454799,B,4.40982514,4.370669776,12.32069082,,0,33.15392058,,33.12558834,,3.46735062,B,3.453684727
2019/12/29,-3350029300,3350029300,,5.1468939,B,5.134454799,B,4.35650379,4.370669776,12.16705877,,0,33.11539316,,33.09759461,,3.44875427,B,3.453684727
2019/12/30,-3417839371,3417839371,,5.15452242,B,5.134454799,B,4.34819154,4.370669776,12.00999671,,0,33.07538764,,33.06903424,,3.44584744,B,3.453684727
2019/12/31,-3061106336,3061106336,,5.1147021,A,5.1147021,A,4.39221189,4.39221189,11.86904857,,0,33.04364337,,33.04345483,,3.46121745,A,3.46121745